x1,x2,x3,x4,x5,x6,y
-0.26040382217617447,-0.834610351045198,0.16592167387027812,-1.0,0.11570693874629345,0.011635606089285377,0.02216275639011163
-0.2826445387665264,-0.8298110399522182,-0.22123502844688253,-0.334122116261345,-1.0,-1.0,3.04668828684951
-0.254038367611086,-0.33155909458560606,-1.0,0.4523720392492335,0.6196347952204766,0.3949796869317855,1.0912554454062537
0.8287867220805545,0.26412504766984135,0.698981202343582,0.2256719767776536,0.28794772434387417,0.2718614939939022,-2.1358366826803286
-0.577448017651407,-0.9117885171052053,0.9032656991726371,0.2116744913818922,1.0,-0.1589494646057414,3.0753028711147463
1.0,0.8114890306989975,0.06133989623269276,1.0,-0.9122901489175957,0.5954111657677781,4.852695313545822
0.0147303629594331,1.0,-1.0,0.6435441078540085,0.6374346608036836,0.07538688939532623,1.5755281019048766
-1.0,-0.25734701208725586,-1.0,-1.0,-0.08565183655121389,-0.22223104842298008,-1.647700315434436
-1.0,-1.0,-0.4514387491240067,-1.0,-0.0008442402056616505,0.4896995775716622,-4.449107184130859
-0.9555533010050916,-1.0,0.22949600046090135,0.08177821533120828,1.0,-0.6223739449986139,5.078264539100326
-0.892382309356657,-0.17976332353740937,-0.979242632334153,-0.7552840091456768,0.6150576329367251,0.4365753276106753,0.9356601715033794
-0.09162961090069022,0.2863251918465779,-1.0,-0.4817671254541813,0.4196346624180436,1.0,8.24461047468081
-0.2261550033280908,0.35882732208543466,0.4771280819553916,0.39857834439707507,-1.0,-0.022891227246867207,-1.3144785590731805
-0.7798110533380136,-1.0,-1.0,-1.0,-0.04714536220527066,-0.564280094354414,-2.7501348249698303
-0.7645655587312251,-0.3258813491585506,-0.04228192926895255,-0.32288663634985293,-0.14747868454733293,-0.022543257782974113,0.1596077528162793
-0.8503050219963237,-1.0,-0.26560228689005916,0.12079290548654065,-0.6272394543514507,-0.007658090877389445,-1.7049428476371358
0.4776994247476054,-1.0,-0.1737689086053401,0.5577969776869516,-1.0,0.6098740585088671,2.95061390246641
1.0,0.518404024492259,-0.681720419517162,-0.5841474084372664,0.3349781339786535,1.0,2.910719471560115
-1.0,-1.0,-1.0,-0.05001907288851726,0.23471289307106769,1.0,3.469472692848719
-1.0,-0.5028187954335896,0.907679668404866,-0.9756148592184808,-0.08226544998025931,1.0,-4.702919574638847
0.9034936199580395,-0.15362192687370413,-1.0,0.1715654823516709,0.2888354183420426,0.0535817563985026,0.13413914398905014
-0.8740976393090705,-1.0,-1.0,-0.527449690967523,-0.606356378081089,-0.45262000302286,-2.268321365674631
-0.27290985088367037,0.3444241425971908,1.0,1.0,1.0,1.0,-1.0775491073979275
-0.14279851918223563,-1.0,-1.0,-1.0,-1.0,-0.9597986909111536,5.631722973469163
-1.0,-0.9992601003830841,-0.5164634064183385,0.20565711213321947,-1.0,1.0,-1.1896618199413878
0.32264597561634045,-0.8736950867983447,-0.6983247919377371,-0.39163312961959645,1.0,0.25767640574323525,-2.432275851950837
1.0,0.9326550545301764,1.0,0.8234898155510411,-0.03389303431000601,-0.5017715568000598,-0.22584089031415405
0.6300886230054487,0.20915234381237846,0.6995401304253538,0.8147495933904751,0.2688350645964802,-0.9714288657163215,2.5155407395023945
-0.3193817039288878,1.0,-1.0,-0.9028335854356871,-0.1405277825386122,-0.5424062509832692,0.47662278205371356
-1.0,-0.7001532623927483,-0.1598853238124407,-1.0,-0.29065050490184136,-0.6049090526759734,1.3110595746293585
-0.9015773137966718,0.3533718781117307,0.917390870386364,0.8751558790844449,1.0,0.36264694271006304,-2.1169532110015115
1.0,0.7093758612481775,-1.0,0.9460481137600603,-1.0,-0.6569249981283439,5.995217753524954
-0.2717708329059066,-1.0,-1.0,-0.8403845929365156,-1.0,-0.08502202220428301,-0.9548075446322408
0.23878473399087574,0.10724879838856172,1.0,0.26530952693896603,1.0,-0.6470514526620745,-1.414139162806703
-0.19704941225762995,1.0,1.0,1.0,-1.0,1.0,-3.773807119880437
1.0,1.0,0.57699636159446,0.05661585632012667,0.3875449531714168,-0.19181658448385996,-0.6664332283709391
0.33715680462837244,0.9871761418550066,0.7947965119268068,-0.6343647383599103,-0.3088016099411403,-0.2143534672196096,-1.32933264357343
-0.239215651015511,0.5168732025825772,0.5677947037765234,-1.0,-1.0,-1.0,-0.07230727256326136
0.2781575082500619,0.40410705958193344,-0.36284230903707937,-0.6155020129311958,0.41632570363117555,0.4609727755181753,0.5170689473960847
-0.3424750251068978,-1.0,-0.5342840156047661,-1.0,-1.0,-0.5213342187476484,3.5848917887952116
1.0,-0.2205697032241673,-0.3097849101521009,0.8185994975942072,-0.08326373258276568,-0.5939334258289022,1.40462849654379
1.0,0.7940617481028855,1.0,0.69058337410733,-1.0,0.28135292596118333,1.8729354976355403
1.0,1.0,-0.11256173852555174,1.0,-0.8304563321579571,0.3172993372661269,6.104762692801787
-0.4714460510921028,-0.3923637387786628,-1.0,-0.761445865658143,0.2317992146571148,-0.2775586012416029,-1.321794597783518
0.8234808983927917,0.7889120207579696,0.4463865212335276,1.0,0.8902408369904681,0.8086684148129908,-2.6532877772521846
-1.0,0.37799678371530293,-0.33917897748346204,-0.7565138337206407,-0.3343007311716275,-0.2248338176397413,-0.6899275092071386
-1.0,-0.7167965240293859,-0.4898410748020615,-0.5331308577281739,0.46548796884258037,0.06890687303625076,0.0517709389105509
-1.0,-1.0,-1.0,-0.8706289912296425,-0.1532063296653463,0.8164165233420767,-3.6657472325837945
1.0,1.0,0.8625633002703352,1.0,-1.0,-1.0,9.343375888606666
-0.10752687494012036,-1.0,-1.0,-1.0,-0.5034696223582847,1.0,2.3660368199551685
-0.8106020082380277,-1.0,0.5541854904070264,-0.6589201818051723,-1.0,-1.0,4.889732965569412
0.5085250916103811,-0.7279911856446282,-0.8483873914525479,-1.0,-0.42437342720467863,-1.0,4.670851487650391
-0.1646406746496265,-0.6009274993691809,0.31124576381247876,-0.41057697884596034,0.22175512265641295,0.11579886980282894,0.002008673516425377
0.4406631043190481,0.8548862924010291,0.4310098360051955,-1.0,1.0,1.0,4.236984778470575
1.0,1.0,0.4513250071416852,0.23038613220115045,1.0,0.10319591730842159,-3.169287485431289
-0.6863860750202379,-0.9431569692604735,-1.0,-0.08228724498258999,1.0,-0.10639565895860045,-3.9090013585517247
-0.03844023596688928,1.0,1.0,1.0,1.0,0.10943602646304673,-6.948292920328836
0.4746339558017819,-0.14329332953853247,-1.0,-0.5988666977002068,-1.0,-1.0,3.542426789250076
0.7618597588583752,-0.09966423371200697,-0.6591984999484355,0.16274376093502976,1.0,1.0,1.9885876653955732
0.3591339946003105,0.5450033384013806,-1.0,-0.21659164740499326,0.9504858030771232,1.0,6.4100565489326184
-0.6003102375450463,0.12248569375597834,-0.4848117628377417,-0.11263051042566552,-0.6102519380990152,0.7077867570077342,1.3996510945090148
0.24655023463543846,0.9445211793843289,1.0,1.0,1.0,-0.17718927821774866,-5.446785780412695
0.2746778089359456,0.020715844747986933,1.0,0.4637002343941605,-0.670511862942891,0.35297932348398126,-0.48611677040954887
-0.14374956941477396,-1.0,0.7671430442026127,-0.3228284200604301,-0.9484467668517167,-0.6608173276844682,4.501052605634505
-1.0,-1.0,-0.5833851970585142,-0.531185717237451,-0.193427753714136,-0.2740764180089924,-1.268115609352846
-0.30013314248383044,0.28345307714233825,0.733243144205548,-0.8518096253466504,-0.31269716732851394,-1.0,0.7928376342768799
-0.21227740070550374,-0.5070186201065832,0.906287297710203,-0.12268657039633962,-0.2122384133261177,0.6188163112247788,-0.8950516804090741
1.0,1.0,1.0,-0.3191243028673414,-0.10612135720052618,1.0,-2.0722657630761874
-0.2410534061186012,0.13477927249780308,-0.4918850921703549,-0.5738356252251224,1.0,-0.5162302929513769,1.254128953104655
-1.0,-0.0974976960298799,-1.0,-1.0,0.19153427632883802,-0.8911096677010922,3.2776305168611377
-0.5486291088702526,0.17911358449652157,1.0,-0.1152216194093657,0.5834220256662215,1.0,-0.773466961209007
0.16869934070473872,0.17094974262435958,-0.6588198873546025,-1.0,0.8638797563038638,1.0,6.047417882032903
-0.9631040357988037,-1.0,-0.2600613661545924,0.47403294669595114,1.0,0.5055265267182041,1.3107060230137013
-0.5164138115579258,1.0,0.2701206207576079,-0.22217727802613163,0.3918353036745741,-0.11769709802334571,0.2825094394622605
0.35496371312088587,0.8486769387114534,1.0,0.2897043962961381,0.7047198912017911,1.0,-3.3708403025672817
0.543016676378793,-0.6373608449367627,-1.0,-1.0,1.0,0.6600292141012847,-2.923753538310406
1.0,1.0,0.751874798786367,0.47326008898478134,-0.2472220014557919,-0.9624325698723145,3.9721313721195184
-0.32479382969116705,-0.06768426514661766,-0.5702878927454914,0.5922989115145558,-0.7504770988653264,0.18113759877921287,-0.35789075582151053
0.10310141422414335,-1.0,0.07742717907440183,0.315803341063848,1.0,1.0,2.6050524158421338
-1.0,-1.0,-0.9206496843479861,-0.05129443476719353,-0.5585268052570185,0.8112871639949888,-1.4369273983648851
-0.38460717284738316,0.49028857071206794,-0.013763485408708712,0.6288368427180979,-1.0,-0.2928486814527005,0.2695703828040402
-1.0,-0.5648948652974743,-1.0,-0.6321286238309872,0.8735209976610534,0.0068682301980897975,-3.034295346824706
1.0,0.16607510271419645,-0.28611826422522996,1.0,1.0,0.8625234597863465,0.2624239657274249
1.0,0.6399042582717536,0.676782617791265,0.8386099392100375,-0.3909230914184276,-0.6504251327728283,2.7454836106979177
0.137251152191339,-1.0,-1.0,-0.8571753730940417,0.821986852375542,0.2583392090748462,-4.572796067929103
-0.1845296249381544,-1.0,-1.0,0.5705163704141825,0.8417725786903008,0.5439145142474349,-1.559151570011243
0.8802244609817811,0.5067357653258782,1.0,1.0,0.45315170762133117,0.6475031637866995,-5.4389629248459945
-0.5481256116848352,-0.6578470424936462,-0.1787954216809844,0.23965086624838777,0.2695015912255562,0.773184833879093,1.2777521984532543
0.1173898824842442,-1.0,-0.056267649411761766,-1.0,-0.22936311483205707,-0.7508568815788373,5.318237546544622
1.0,0.4917848140126322,1.0,0.4993707600146209,0.17188432518828778,1.0,-3.513834458626798
-0.4646505158427152,-0.7132787741023061,-1.0,0.6299571565920326,0.1789703929936437,0.9123722433275948,4.110854851592563
-1.0,-1.0,-1.0,-1.0,1.0,0.5427919297605579,-6.545213338007619
0.2054690108347095,0.3488691680969309,-0.5350231395914808,-0.11874310049987424,-0.729913606820042,-0.9583913777788378,2.1085068785035426
-1.0,-1.0,-0.8911253870572331,-0.12381528618186993,1.0,1.0,3.63533463587994
0.21285730191039487,0.011691836062762806,-0.23566896208961266,0.49458579882844217,0.7908900972041877,0.4757435687449349,1.323283308189383
-0.5101084855653468,-1.0,-0.14302145187921778,-0.4052552589578835,-1.0,0.24115394338729979,0.07953807931046322
-1.0,-0.11984364365092304,0.025315343870843124,-0.5792300696905586,-1.0,-0.8496684205978662,-0.6982643605632199
-0.36951457892414125,-0.5708202501874391,0.46320054468650496,0.4705276552969918,1.0,0.775010161582669,2.2039281090135416
-0.216018064736214,-0.8764955745037264,-0.45406656999138395,-1.0,0.4358264536104942,-0.3824369289982704,0.2498076684376518
1.0,0.8977126791570127,0.5197508445133725,0.8809812009182834,0.8249067442970803,1.0,-2.5923560552160057
-0.6709761122269787,-1.0,-0.0835664672141807,-0.5113038123017064,-1.0,-0.6004492731904431,2.1536011319458854
-1.0,-1.0,-0.7316525408607685,-0.00035835399903816345,-0.046556346050377506,-0.8476048917589767,1.7338722634504409
0.23073192760302397,-0.9468808625848948,1.0,0.3757059451036054,-0.5983237378447115,0.4565925670163609,1.0810739305928958
0.0341878912315382,-0.017779886386473986,-0.3492853601138762,0.3141526093655825,0.5642123496272091,0.07488672290562404,0.08053440594030217
0.36835083568158766,-0.1521207787315476,0.840388074811489,-0.16539103035263475,-0.2712439770920094,0.4581908032122405,-0.7308432403256787
0.2098768126826802,0.9126167788507988,1.0,-0.1061694818499328,-0.6827075627239194,0.4023435961860935,-2.1772138634283036
-0.635339845458432,1.0,-1.0,0.6297107380663345,-0.26511708842629544,-0.6312226084397826,2.9580936550640016
0.9132813435244225,0.6109821464698855,-1.0,0.5234284306291053,-0.672791869568259,1.0,7.794938621426771
1.0,0.519353388015455,0.5612670569454763,-0.46665859384067115,-0.9825710175157891,-0.7838894298434245,5.525184213548116
-0.01525444184673208,1.0,0.8954864117871789,-0.22810756820366296,0.8589988106565555,-1.0,-0.7712332293077607
-0.03139301921122453,0.18118965119090236,1.0,-0.3973271756566935,0.3855745729371999,-0.09043571004694284,-0.5530924520748375
0.7151520326825482,0.5589123920229118,1.0,1.0,0.24132970166892678,-0.292187110308853,-0.7268729244362174
0.5210384349479767,-0.5559151263927145,-0.3024595197041006,0.06453232757171529,-1.0,-0.46176397382482226,2.2672973913251906
-0.39447598703835995,0.3564504061156681,-0.9748019550788384,0.3036748642780372,-0.33597895998735816,0.8343897674161928,5.411517746690788
-1.0,-0.4096224904823652,-1.0,0.436119054442709,-1.0,-0.15356346081684413,-5.063694177624977
-0.17300761601856995,1.0,-0.8523521177915769,-1.0,-1.0,-0.5379851706720065,2.4553474518694682
1.0,1.0,-0.06873159551186936,1.0,-1.0,-0.3721593537003165,7.096972716210126
0.08168493442631597,-0.23944150693286478,1.0,0.5019771415023855,-1.0,1.0,-1.1060568720095025
0.16864209571847727,-0.3445437828885942,0.3905060506090818,-0.193529160490778,-0.351627000185292,0.0015428034680230462,1.0416344526178785
1.0,1.0,0.6277726557240224,1.0,-0.07334937425786037,-0.33693879018409656,1.6372504706522655
-0.16805510350425623,0.33970330745849964,0.07535762309055627,-0.7126416113638392,-0.1754555219149077,-1.0,2.5481724966956483
-1.0,1.0,-0.5920735383822227,0.04542133516105973,-1.0,0.08032469290082378,-0.6023127964750338
-0.21511233159181642,-0.9174403916201335,-1.0,-0.17926400564736023,-0.1890598379868007,1.0,3.096822696613145
0.43957510342360506,-1.0,-1.0,-1.0,-0.018803543691074287,-1.0,3.0058661947083296
-1.0,-0.6952216564437091,0.40423195550234814,-0.17508672736715214,-0.9559175236649283,-0.04283033629303351,-1.6199990328814307
-1.0,-0.24879541730127486,-0.2272077862727136,-1.0,-0.5814959237680386,-0.34506075573192274,0.20017949964174253
-0.1855447624041433,-1.0,-0.6642476493956091,-1.0,0.4506124519990742,0.5590606892844203,-2.7797169212378927
-1.0,-0.1351123966481942,-1.0,-1.0,0.9418378846619885,-0.6908374815659937,2.476220820402532
0.2784511415027194,0.09332973450988535,0.25241172936303624,1.0,0.06780082536737475,-0.05033514427972146,-0.9201801835784913
0.6358173710860351,0.08788470899167167,-0.320950194011727,0.16857184611426207,-0.16088035471937653,-1.0,3.5144148333010987
0.7667507632161988,0.5381628740119762,1.0,0.5302693910121345,-1.0,0.44060002033629647,1.1600819289280577
0.5785027771940452,-0.1515582185274985,0.028567046067812296,-0.5507211887354513,0.2586122002806728,-1.0,2.953429570779576
0.08186971278168587,-1.0,-0.21937058369221252,-0.4519421345118369,0.09706469044232169,-0.03011235685409852,-0.6189922377853887
0.0032211408163559663,-0.03292588890353826,0.06332401417640998,-0.44691810261240855,-0.8939943319522909,-1.0,1.5058232895208292
0.2634450967322074,0.07197055207254155,-1.0,0.195306111560901,-0.18181852367430673,-0.8101677501550377,1.6463107292099681
0.5716616865674534,0.854384033168812,0.38852252206919574,-1.0,-1.0,-0.6956504267181658,5.097700791189607
-0.2959696160924666,-1.0,-0.7503641911204654,-0.9164041753068571,1.0,0.565625370563055,-2.4621464206992245
-0.6641953960613769,-1.0,0.5125811148515693,-1.0,0.9634423173316901,0.30780398631525596,0.8228555457117053
1.0,0.9301541937198259,0.8228983356444126,1.0,0.7448723360792091,-0.6924803745206621,-2.216193110271481
1.0,-0.07354326337801881,1.0,0.32891275167344597,-0.77729481772787,0.8812643051389027,2.02828205936617
-0.1208626958100148,-1.0,-0.8303326379997049,0.8285620435417187,1.0,1.0,4.8514151844298015
-0.29056181542785453,0.7669885269560464,1.0,0.4110565521403454,-1.0,-0.06739250742316916,-3.457014414214014
0.5805800321598883,0.9575419152111495,-0.10004342920073234,0.43169120145051865,-0.21443282180443923,-0.2977429938265277,1.3797463148131055
-0.3306869757710742,-0.10827513537376943,-1.0,-1.0,-0.5900787147942714,-0.7761723148057498,0.0417917505331869
0.906286889897984,0.6175727890617657,0.5502717440248821,1.0,-0.24539525608564705,1.0,1.7510731406275601
-1.0,-0.3020300693954696,-1.0,-1.0,-1.0,0.0034041738899047713,-2.668001129805529
0.7279879328470027,0.49032398229818264,0.06478652832521026,0.29783944281016317,-1.0,-0.12283475499550867,2.6251767499758696
-0.7351512514756987,0.45296044411898484,-0.7658915014603402,-0.1912089687427439,-1.0,0.5117533929809533,-1.5116697216332424
-0.46283718817530156,0.1293582251460304,0.08992460326386946,-0.25887980295945556,0.9939913172642432,0.8660885929201614,3.6758556322301428
-1.0,-0.07201275719453082,-1.0,-1.0,-1.0,-1.0,2.06886600990943
1.0,1.0,1.0,0.22062921556211035,-0.21704338359803887,1.0,-3.270399504383476
0.3647411960882905,0.9720455833343995,0.4087549742350032,0.6099688186182873,0.009973930291439614,1.0,0.9054482367963163
0.5687934745900541,0.13812201323883233,0.3003821922851005,0.0948036874967062,-1.0,-0.5703429057885194,2.667558979676079
-1.0,-0.41970771308906785,-0.736538648584776,-0.6882525144604675,-0.15214736106358084,-0.7799102784360932,1.9472355749950014
-1.0,-0.21350983409268343,-0.1687081480522128,0.6105975171849131,1.0,-0.30409019390568165,3.49337987299631
0.22488600664890146,-0.28207016564852117,-0.4633118229056379,-0.9443797071867657,-0.6825804343290112,-0.6288194408344108,2.1088727116788464
-0.42312964923228935,-0.8433699203343703,-1.0,0.5169060342921277,0.20159049552707298,-1.0,1.360922380025257
0.3482991572442182,0.23547392403567757,1.0,0.5822057010229247,-1.0,-0.1427689419785899,0.055355864303136104
-0.6757129829892363,1.0,-0.10290483684665008,-0.10103041042484154,0.1419002287756112,-0.6720139205955963,0.7730543268321527
-0.5711087645241881,1.0,1.0,-0.00046153120314151863,0.15707233582873192,0.9755688077910348,-2.819423570794895
-1.0,0.2471741030049065,-0.6050357639789073,0.024130130678238992,1.0,0.09111948446203066,1.526383292193847
0.9760394477087382,0.28684591337882126,1.0,1.0,-0.5017286424168502,-1.0,6.032517615353326
-1.0,0.028643543921270997,-0.5290494433278128,-0.019366883314506755,-1.0,-0.9834103053240559,-1.5421508735182694
-0.5191525366523577,-1.0,-1.0,-0.6651391386146761,1.0,-1.0,2.200404883204631
-0.8661331549321707,0.6357933783630655,0.6454274872817574,0.038729442747410636,0.567209629909599,1.0,0.6303761947799928
-0.22499162705127274,-0.10356889252876011,-1.0,-0.19349106848125325,-0.3811098805300879,-1.0,2.5028367112396412
-0.023698909979785965,-0.24160164551363827,-1.0,0.2575660001725821,-0.4673307915117939,0.39706936780614777,0.6806749420085612
0.5489429752162494,1.0,0.4540358612573516,0.4319666067277035,-0.6984107595363149,-0.5745772501292876,1.6673524574659186
-0.35950601157777506,-1.0,-1.0,-0.8561633234829955,-0.3636784203803755,-0.05202592653545013,-4.113292341146314
0.14488097406483613,1.0,-0.8689938755773919,0.3364545669998203,1.0,1.0,8.653568941848171
-0.6472041469617309,-1.0,-0.08375878515020618,-0.5376046610168195,-0.44214349945812276,0.9574185316615815,-1.0111864026885236
-0.6695032326185063,-1.0,-0.5676157215345274,-1.0,-0.02994620324512076,1.0,-2.2120825416160215
0.8154447773424846,-0.7876500668788184,-1.0,-0.0646551079750306,1.0,0.24840791258034567,-4.251940884313353
-0.537988041111533,-1.0,-1.0,-0.4368871277609696,-1.0,-0.8512829876754973,0.1408370685311232
-1.0,-1.0,-1.0,-0.28684150214666904,0.2376317623505384,-0.15297015826819926,-4.995704956531665
-0.8891986970953951,-0.8212857941969873,-0.6863211886659693,-0.47281910628846446,1.0,-0.9574197979428749,4.9191216404616815
1.0,0.5122259147200316,1.0,0.9892687112548628,0.019801027494257273,-0.08055337901715376,-0.9549979299193623
-0.9022541488252669,-0.054014356847588485,1.0,0.5510525164322044,-1.0,-0.30605729598610987,-2.103450397489994
-0.2620224226470198,0.3277441533428602,-0.14654734696284433,-0.23280962381505454,-0.8263006896134893,1.0,3.653642303152972
0.41155964580392346,1.0,0.4946431306399056,0.03722300505897347,0.2799373452844123,-0.23902686968380038,-1.3701411840314754
0.6340645102055773,1.0,0.0826796954724276,1.0,-0.23034912816916153,-0.03133285746260328,1.2877016370492005
0.6655984007137878,0.42453791507096345,0.04976462456057318,0.9827091045276808,0.6853909350670349,1.0,1.1221562628962758
-1.0,-0.9900977066511101,-0.7494978464423736,-1.0,-1.0,0.17050821657129572,-1.391225208706647
0.17413156173974662,0.6792011600889102,0.36997320070558304,1.0,-0.7798258737682641,-0.9253123167267758,3.986811590868915
0.8403282179801791,0.23537226712642606,0.31815728781307184,0.40074470411507157,-1.0,-1.0,6.850222699473995
0.510220795108242,1.0,0.5556286485195444,0.34352452222640495,-0.8525918299605931,1.0,3.0037797166985665
-0.3517371145461424,-0.10400843137636759,-1.0,0.1706712256876184,-1.0,-0.34458030328848277,-1.9631508219322025
0.6018907622993184,-0.5963204886866262,-0.6519824328889294,-0.16661845217355903,0.8052688411923117,1.0,0.9331909483231119
1.0,0.1683399562082044,1.0,0.822389802043873,-0.8854697070793525,-0.6247904069717504,5.6012708980466765
1.0,0.17860323107443787,1.0,1.0,0.6649887143149659,-0.4043633099498863,-1.8119551088315624
0.7179561702235748,1.0,-0.4354952794445244,0.6664121112618472,-0.562762525496436,-1.0,6.583981047312512
0.32731119176029866,1.0,1.0,0.1557651016246182,-0.03863921458808789,-0.556941411877788,-2.2505435170307715
-0.5057137351108367,0.7356187921214308,-0.027893389467677582,-0.4385718033374705,-0.4065639413328183,-1.0,0.02980089980515674
0.812756337525371,-0.22017585475115953,-0.33488259723878333,0.5796188165881541,-0.5184029242999099,-0.3131567809085827,1.7825349064841929
0.5403603845198849,-0.07820409508640735,-1.0,0.3171602072325892,0.7124544718649899,-0.2324537741177446,-1.678581889671561
-0.6851963947860369,0.6560084967068487,0.6239373901130434,-1.0,0.40144596780235947,-0.3641155344886458,-1.1230852161422504
0.5568949189974046,1.0,-0.0061175345212094445,0.8918523520566661,-1.0,-1.0,7.890251484164817
0.9597480765599399,1.0,0.9660006538402005,-0.1663224990316956,-0.8479243032858415,-1.0,2.0825215844082736
1.0,0.8236689266019925,1.0,1.0,1.0,0.7042039066544292,-8.797986482137505
-0.2680413975129726,-0.6639255154341,-1.0,-0.9648258957462446,-1.0,-1.0,4.6052668456034125
0.12996274443496625,0.6540168669163517,0.012928092804382452,1.0,-1.0,-1.0,5.844479030603105
0.45379094764255445,0.5180097108822682,0.4268932026368283,0.9781404684092665,0.3470657993621738,0.5834547521877338,-0.29393109899450925
1.0,1.0,1.0,0.37593951384403224,-0.604149411674382,-1.0,3.913740848934322
0.6551956422073238,0.9458837071360683,-0.8779917948722742,-0.257341731765555,-0.7348302972075774,0.1665945456939717,3.800835352540133
-0.09770832924148176,-0.10522964193189877,-0.3175797380373697,-1.0,0.5009278255777451,-1.0,3.660885016948541
-1.0,-0.28625059856137014,-0.2614158062406918,-0.15276025096034412,0.714512741863903,-0.953511690502044,5.5277031937447045
0.3957280503103878,-0.9857245986215479,-0.9799574100471786,-0.7657994522049636,0.29193047224897006,-1.0,1.5087415168960632
-1.0,-1.0,-1.0,-0.43027328591623815,1.0,1.0,2.0380021461296756
0.3136180821207497,1.0,1.0,-0.6375665577990595,1.0,1.0,-1.0041678311439117
0.7011536616527853,-0.1398364216608175,-0.525806302535088,-0.5708580360507117,1.0,0.84297104130552,0.005134281725887868
0.6302754076442466,-0.6617163084671862,1.0,-0.6004981292568221,0.1282034446282291,-0.6060760155487841,2.4825269605423244
-1.0,-0.78826799682593,-0.5775647702717326,1.0,0.2519179438542055,0.8741339684103976,1.7377470459873914
0.34694956809680266,1.0,1.0,1.0,-0.0036146503713253564,0.5574758880019779,-4.628804572137545
1.0,1.0,1.0,1.0,1.0,-1.0,-6.531267181506472
-1.0,-1.0,0.004703173262688959,0.47769424919402925,-0.8675073099971273,-1.0,0.551858941787697
0.9427780738000111,-1.0,-1.0,-1.0,-0.4665240051727759,-0.9195849723704878,7.077507943694028
-0.10783641338786247,0.7618602940974148,-0.047342890941488774,-1.0,0.09152898180880537,-0.9732568634303449,0.621534176893817
0.43639200599902506,0.2161809216895244,0.25791711529186945,0.18604342029388765,-1.0,-0.5619270110924899,2.2100519658415663
-0.6229404407711667,0.7802696783107984,1.0,1.0,-0.8962928259770997,-0.7737085217514288,-0.7886359932998391
-0.13915979984705917,-0.2650468591974089,-1.0,-0.6266227276242514,1.0,0.3055659388896131,0.1103692535822779
1.0,0.5302510111434854,1.0,0.6389902202233098,-0.1274769311709515,1.0,-0.6961787459414395
-0.4879935049232976,-0.21226416137622395,-0.11302829058765518,0.8677934292045236,-0.2517675430669726,-0.758623226512947,0.9622479235841137
0.26300781627944364,0.4556877500739185,-0.30376961444209977,0.40983615304183396,-1.0,-0.17962566674852054,1.402480524204507
0.5778993602023003,-0.6470580061983566,0.7347369235177671,-0.40215609350217374,-0.4891706302093357,-1.0,6.676039575527454
0.24489126316760856,0.3995687953904783,0.365012599668989,0.8386017110009861,-1.0,0.07739050571438902,0.3112965993058171
1.0,1.0,0.24334862740615892,0.1445043418702494,0.47609292598253794,1.0,0.8565178288739665
0.4608153963370927,1.0,-0.13941977408638262,0.2390684635921997,0.23894983471314601,1.0,3.764516516421923
-0.5189933786972201,-0.2660307242524147,-0.6618612160675308,-0.025945859571689545,-0.06790515718416723,-0.3194907148054278,-0.41643951389843814
-1.0,-0.7585578240593324,-0.5960079193035859,-1.0,0.650591173267798,0.4993543010897822,-1.5196981826625895
-1.0,-1.0,0.21986064084677792,-0.0893273561194724,-1.0,-0.6843348577452066,1.366489085859666
-1.0,-1.0,0.28141652167363934,0.2795605993013751,-1.0,-1.0,1.0729282332974575
-0.0429822450691405,1.0,-0.4601953914991481,0.30157830500989796,-0.6451326098095644,-1.0,2.7341306588479175
-0.7634215288383577,-0.9954531020573949,-0.8608325032778331,-0.3063942497902609,-0.5855469776487887,-1.0,1.9499607996410757
-0.09056174777372872,-0.27462346344598987,-0.16125260190458124,-1.0,-0.38137536008290873,0.9269081913092001,2.493071949385766
-0.6704481834472704,-0.14965554390445857,-0.13973848567657443,-0.47763298847814983,0.14906859681618229,0.20262583200927797,0.21437431327062934
-0.8098647413643238,-0.8027810687202976,-1.0,0.36902055438682757,1.0,1.0,6.85725329989367
-1.0,-1.0,0.1518708154800164,-1.0,0.29385089152190036,0.38591813443777745,-2.2914528247996415
-0.4855208032101743,0.2679097671297444,1.0,-0.7751608866968009,-0.7172305447191731,-1.0,-0.8847424373694952
-0.25992233061129544,1.0,1.0,-1.0,0.1827360992097884,-1.0,-5.241485041282514
-0.665976197194107,-1.0,-0.018846311105950503,-0.5169829622997639,-1.0,-0.2225824459912918,0.6756326487462406
0.2835523667748103,0.42740285271280576,0.8789742920058032,1.0,0.024333070581798316,-1.0,2.78528426611502
-1.0,-0.8502720219436128,-0.20875745191746153,-0.6440266206297779,-0.16854352623191637,-0.3541337286090105,0.39170107256202824
-0.059182758254500534,-0.02544616434918484,-0.11626742737423684,-0.29897075249279514,-1.0,-0.14421329387964987,-0.22704343499524543
-0.7119645641089534,-1.0,-0.16891048620707094,-0.776952850074178,-0.6791530218061216,-0.618725770280883,1.3112756972084574
-0.7924572428576411,-0.5194325438720242,-0.14424704903062213,0.7586511849384066,0.6733295328532815,0.017359929917796557,1.4210384913833882
-0.08289506660946655,-0.019166228240583998,0.36608028014428085,1.0,-0.6306103186734172,0.19268841270972847,0.14424843814472718
1.0,0.40140222427394856,1.0,1.0,-0.7046848189748504,0.6054462601024173,0.9450452375367634
-1.0,-0.10025275556126978,0.44196105269426633,0.6394112690981528,-1.0,-1.0,-0.5801037342921578
-0.38485187637005147,-1.0,-1.0,-0.4768252857372848,1.0,0.7877768065427337,-0.4477801807128352
-1.0,-1.0,-1.0,-0.7021775845101295,0.5824634174232536,0.050099089104601424,-6.0909536110615115
1.0,0.3760236735365956,-0.01745836034362891,0.46750626515605653,-0.8186534192222589,0.9727719116803203,6.348024681485261
-1.0,-0.4306025492610278,0.4902081580969666,-0.8413441249261928,-1.0,-0.6640864667743429,1.0225249643483272
0.04046816292947408,1.0,0.5584527479262318,0.8391484132846811,-1.0,-0.6499437147982763,1.7835599428509314
0.05604088007607644,-0.11419757423627575,-0.995712893564705,0.19650274725560782,0.35821621609144827,0.5196289572372433,2.085016134842938
1.0,1.0,0.3712795792429189,0.7081844098879517,-0.3431868466452823,-0.9978633543741439,6.306980831485205
-0.19521395732386415,-0.6063623921227209,-0.8606369524226989,-0.8851117749703642,0.4359031359785593,-0.8838018481018872,2.4039709925490036
0.3183695179040653,-0.013963720869598184,-0.9911231730965374,0.49653781420987303,0.3156007369006739,1.0,6.066314475230826
-0.4136296801619297,-0.44301337338598096,-0.06824096988165762,-1.0,-1.0,-1.0,3.1678423820279002
0.15923526712054126,1.0,1.0,0.02861801366499961,0.975415689955031,0.14139190422181702,-2.1505844572913198
0.3327017098075218,1.0,-0.12750182413014188,1.0,-0.1503293720053075,-0.8018408523690245,3.825180707964837
0.4048969664098096,-1.0,0.755248499146238,-0.7417684395434611,-0.24512943773273682,-0.006663221323473689,2.3045703736650194
0.30854784872144336,0.09973675685251565,-0.9273847686650074,-1.0,1.0,1.0,5.472920943218206
-0.39769341862950947,0.8705076822428326,0.8765919266328935,-0.019608644684469656,-0.5900463438894286,0.012362826848504618,-2.544160877840836
-0.31155721831035277,-1.0,-0.6521273241526826,-0.12267412030196279,-0.2396792647378737,0.857817398408182,0.35698850160012674
-0.9274270693506395,0.028388492737734583,-1.0,-1.0,-0.8049419768005853,0.273748376799698,-2.6251677621768517
-1.0,-1.0,0.15440769479044103,-1.0,1.0,0.3330763732415569,2.187674710545711
-0.6078388265022657,-0.5840937316350246,-0.1878860100838049,-1.0,0.46537065002289096,0.6531670644198588,-0.240011960697724
0.6043812837267174,0.6266635302853943,-0.919581103192466,-1.0,-1.0,-1.0,3.653526612279504
-1.0,-0.00677299551827118,-0.7677664281310927,0.21932909041578,1.0,0.12542655216692922,0.98823335667822
-0.5814476160494618,-1.0,-0.769462849275223,0.6276454119594315,0.3438319831404053,-1.0,1.2337995051196655
0.272400753861108,-0.29408715892696863,0.1688322221064238,-1.0,-0.2567082901505203,0.43939333763477495,1.0288925114663954
0.8132478900358282,0.19388980890831722,-0.743098269037315,1.0,0.48762711851912455,0.6906278513509196,-0.012611903405750968
0.37569664336191233,-0.13254345926398758,-1.0,-0.29223401507637004,-0.33292586336815305,-0.3590995779588656,1.377964710513222
-0.5335298086350329,-0.06792985189560063,0.6266257916891883,0.1404833795981445,-0.11303167518917373,-0.6307018173105998,0.5481624602309695
-0.1970543550124197,1.0,0.09978922462900247,1.0,0.35102929283079787,-1.0,1.78425671581553
-0.43112390921310695,0.0020346127286720583,0.33735035070030317,-0.7935536932389611,-1.0,-1.0,0.6701157466589746
0.3074466244976217,-0.827318911881099,0.8434761513878585,-0.9129826237648081,0.051495394018406665,0.08350701071203703,0.18386858141824375
-0.1664547814747157,-1.0,-1.0,-0.24076452845038898,1.0,0.07858491780234433,-3.504655603105322
-1.0,-0.40129082249145664,-0.6020429870680779,-1.0,0.8426583223627613,1.0,4.742955174669336
-0.7083969728917512,-0.7153317784171805,-1.0,-0.19078043786511673,0.018820379111883695,-0.8592145088779497,2.3235135174901638
0.37805912779068684,0.41350603978751893,0.27588236268286503,0.17967294549661383,-0.5599123667918433,-1.0,3.80182216554905
0.8108671711192256,1.0,1.0,1.0,-0.24455125095003036,0.8122878063812519,-4.43480857099024
1.0,0.81474228173959,1.0,0.49958577646727775,-0.011798466428621257,-0.4470069518604365,0.4324719562519281
1.0,1.0,1.0,1.0,-0.5642745783718816,-0.6778825488576246,4.632416892212885
-0.57470814379902,-0.32788055294111124,0.712968630990731,-0.5109048862792451,0.8830988870869916,0.9555375401121897,0.7435931978687447
0.09452481576306115,-1.0,-0.8537845850672409,-0.4013873325805273,-0.12547935207369612,-0.08527130048046358,-1.7978036348707465
0.2564368228106231,0.5350479884780557,-0.40873838150491637,0.1414437259823491,-1.0,0.19825324400827327,0.9349287010105937
0.2555038099534438,-0.15300200059041524,0.6665185968249732,1.0,-0.7474453415129846,0.2853444555424577,0.04156577730271153
0.23007476085421463,-1.0,0.44603543120960315,0.36207758890271585,-0.06051581884691504,-0.30515838741464396,1.2552792448660421
0.5528865132299838,0.7809021595949595,-0.690255827873796,1.0,-1.0,0.6471570147105867,6.012247715108365
0.325788795141515,0.3615987975783759,1.0,-0.4121291268313135,0.431664304458074,-1.0,1.2652040706905108
0.6783106792575897,-0.20560784582298414,0.87525133058281,0.41709329465549594,-0.11959200085891175,-0.5931095666444949,2.45200597579045
0.13120792476341814,1.0,1.0,0.9468162140938337,0.9468403418228232,-0.3359793639124306,-5.311755715348508
0.0789903561214631,0.38112251720755075,-0.3201919175966041,-1.0,0.4766124410600301,0.8222453757353436,3.195899603538436
1.0,0.47810300064437194,0.5718978021793818,0.509464108727909,0.9264415726908513,0.8763146440220768,-2.0662454094884115
-1.0,-1.0,-1.0,-0.6734236069206188,-0.35448158997722023,-0.8852212219143012,1.1811224799494784
0.7682937159384047,1.0,0.5825417785457506,1.0,1.0,-1.0,-1.6735978831359288
0.9174122822588433,-0.5442958624215817,-0.08164253319928333,-0.45750630502939554,-0.19569266998327278,-0.9486448856036634,6.075764980729146
1.0,1.0,0.7602878603306396,0.6148840877703263,-0.7191255988497642,-0.5630577865471329,3.8514436610355998
1.0,-0.04895917458844834,0.003484947656217402,0.5941691450299952,-1.0,-1.0,8.03891084450711
1.0,1.0,0.42432620768756446,1.0,-0.3487850123868921,-0.1677601191351774,1.8061662725765888
0.4545608299484907,-0.09463757400869166,0.5616428130738003,0.9561754115752074,-0.30820718103330613,-1.0,4.202400605579806
-1.0,-0.5189743782741838,-1.0,-1.0,1.0,0.029331828645774105,-2.244291829971658
1.0,0.2145564580812438,1.0,1.0,0.149270214144194,-1.0,2.2000179618053237
0.14663640758205798,-0.9646105308470319,-0.0951663492069783,-0.11413509892478005,-1.0,0.11326107323006934,1.9452921948898956
0.17181783211688184,1.0,0.9519266434373507,-0.4682241831806461,-0.9375696119913259,-0.5475572597357983,-2.9153234383736017
1.0,-0.1971934651975068,0.42924716981292255,-0.2741798124375233,1.0,-0.48675224201431433,-1.6164485372044861
1.0,0.49282221380768076,1.0,1.0,-0.42480265848515497,-0.08663276596672059,0.473375797731064
0.6144838745991016,-0.07652658295775706,-0.8295290872134712,0.3763845980085026,1.0,0.43509075504447714,-1.4944337138912673
0.08035837839061122,0.45101664689252674,0.6196000291866823,0.09389131292279757,0.3633777253702396,1.0,1.9305536628792763
-0.5345521644321493,-0.33299991695371906,-0.037009638974830006,-1.0,-0.09354187578122564,-0.8315974287932155,2.3964147607622603
-1.0,-0.8975215017788435,-1.0,0.8940185961693126,0.2520792619647511,-0.5534073414742235,-3.8921574691585974
-0.6458966157165638,0.3415293106875748,0.5784819893691431,0.29710682997412813,-0.32951620703057916,-0.972373881768956,1.5855668964495357
0.8141408776021728,1.0,0.35593491194926274,0.015119160639869733,1.0,0.39315929780091086,-1.7017980961629013
1.0,0.6319781541895809,0.08851743793081668,0.8363495065245327,0.17394515044947828,-0.6568135749385667,2.1512119410103545
0.49679290843184987,1.0,1.0,1.0,-0.522213398626608,-0.43257409988466056,0.6300084330232727
-0.4705157158250924,0.42999333879695023,-0.2591488666910242,-0.8002312560244845,0.8115901961626446,0.8081137058469877,4.463927273037238
0.8712311251794883,0.49656855510233755,-0.4150234708949444,-0.01753202575445606,1.0,0.6453692547324086,-0.9103536267914453
-1.0,-1.0,-0.42209107787637523,-1.0,-0.853898789444524,-1.0,5.212044001143959
0.7458114165847549,1.0,0.8877382883773415,0.9341629827613551,0.07279460708592067,0.22524397780979932,-3.6199506084513926
-1.0,-0.4870980207269142,-1.0,-1.0,-0.28403388109410965,0.33901646522162837,-2.0059954973634504
-0.5647246165883674,-0.0923264815357322,1.0,0.3866979059822914,0.6756969833615958,1.0,-0.274534395415548
-0.612043563738109,-0.06590352578691339,-0.36427770122040853,-1.0,-0.2093802591828412,0.30103915136786497,-0.08825959293222255
-1.0,-1.0,-1.0,-0.507050520774934,0.1882817300806382,-0.7535582509683098,-0.1761207974517458
-1.0,-1.0,-1.0,-1.0,0.37652008375279034,0.7522088835474152,-4.733429345172066
0.2512619295346197,-0.6906238514440045,-0.8041501164169164,0.168275995381938,-1.0,-1.0,2.5071359090320464
-0.32212011900149795,-0.9331194448978206,-0.49423270692345117,0.03899719247826017,-0.4748997944596718,-0.41923055066123205,-0.4615370854984589
-1.0,-1.0,-0.551727230781293,-0.5969372679717191,0.12661545866630597,-0.020958156034192543,-3.1070815149740976
-0.4075151840926188,-1.0,-0.42224018770405425,-1.0,1.0,0.2541371893986719,-0.25131633103737205
-1.0,-1.0,0.17813218092806105,-1.0,-0.09963158719985687,-0.3727765945072329,0.7422867314163016
-1.0,-1.0,-0.7263443701670667,0.11632747283183942,-0.23274126418521346,-1.0,2.265225167479191
0.23653071444461937,0.83683000728992,0.7942569347649409,0.5483771446624139,-0.18376223833977035,0.7714129643682339,-1.1865392373066792
0.18140416920255453,1.0,-0.2768881697576703,0.5321526078204444,0.5507981824610046,1.0,4.402048348296668
-0.47082079367115554,0.9618047421204962,-0.1147886019150259,0.9236388522171826,-0.6746728903838688,-1.0,2.8316153913631146
0.6080866468315624,-0.4677348618155832,-0.7881433172693497,-1.0,0.14365636945919216,1.0,1.374825058614247
-0.06442644732726632,-1.0,-0.7332128395700277,-0.66309789922763,0.9382142905670499,0.03847026970973233,-1.6170079094071954
1.0,1.0,1.0,0.21011551933877248,1.0,0.4859438792866708,-5.884565630110004
-0.8982278784671724,0.35961782167767303,0.05959327523145008,-0.5377998026650499,-0.21487222057860783,1.0,1.4880629030987955
1.0,1.0,0.35294383676937163,0.05501576870860414,0.2836710323315036,-1.0,2.138663150761517
-0.34636656592545856,-0.1081802813781676,1.0,1.0,-0.3482057246910994,1.0,-3.1609841285088423
-0.047139791644856405,0.9717229601734287,0.3050785935927017,0.775876926442576,0.7090412627394944,-0.8086154424055151,1.127109031285089
-0.478459808073913,-0.2963804020317571,-0.12063565028851442,0.34804843768066446,-0.21642226292339606,-0.5652073659799514,-0.04984338276422312
-0.18014924719863973,-0.15697176344458752,0.5857273006924006,1.0,-1.0,-1.0,2.1739793264768648
-0.9673312941793237,0.44812621464055236,0.15814547992610214,0.7842236710242547,0.5850865266120702,-0.3760279937220358,2.345136629799611
-1.0,-0.014067078347465234,-1.0,0.10900950097215058,1.0,1.0,9.2213857807658
-0.6222784208829746,-0.651618544115736,1.0,0.4822468047019445,0.9517045715998458,0.5289159920208443,-1.142112791080638
0.16543361629312908,-0.27463978061917405,-1.0,1.0,0.25121530289718164,-0.7309442539953281,-2.0907171122974613
0.21613523102618326,1.0,0.8969120988573833,1.0,0.3655981380009564,1.0,-4.817646684193671
0.8648302037649322,-0.14989462056741942,0.0035579069096918214,-0.0595787045620898,0.5145626127119081,0.00047861157196449344,-1.446070413222641
0.04886103366584338,0.7932186716036438,-0.2786628796151399,0.38060281736831303,-0.09545740442018125,1.0,4.042277494595116
0.8538505859481417,-0.13388939819090195,0.1773380017297722,0.19062991500718013,0.5195235982809958,1.0,0.606917437667243
0.4900796960110745,-0.027925154474580605,-0.5091990098260724,0.4444870455136154,1.0,0.2811922994099284,-0.8779211097674966
0.05085917895181502,-1.0,-1.0,0.7828867103565131,-0.19223827313967856,0.28493331452941983,-2.222700745806634
0.11864875791283325,1.0,0.48159552926270055,1.0,-0.6652741862586798,-0.9535854259376348,3.92954378673581
0.35208107352420837,-0.04474681183774459,1.0,-0.5899099396287222,0.8098032486459521,0.15383941079684532,-2.6050200819027625
0.30773949650590526,0.03286355141278996,0.9278552342767943,0.9740125337345031,0.6458647728199607,-1.0,-0.5342411888652634
0.5712511047288334,0.8969446895655733,-0.6080963064270015,0.5630451356704894,1.0,0.5616688991881971,0.947310493027379
0.30032351244662236,0.9866456710571443,0.11289087242945794,0.7617797664205206,-0.794107618862509,0.8995353162585353,3.2553403813355426
-0.3147816677256702,0.6696214566806342,0.3504189719087796,-1.0,-1.0,-0.9553603240334434,0.7838534660892095
0.7470525175506548,0.15918849295361914,0.9510976740464709,1.0,-0.4240475653637761,0.29326117373547156,-0.1639310285475747
0.6357390430250989,0.6536236704953016,0.4668056257871749,0.0015025658994881619,1.0,0.609020814299394,-0.8992524114383812
-0.17513000332896733,0.8820070698216436,-0.514373888571386,-0.3037803511993563,-0.30123495927243676,-0.9799188698018038,0.9014308788736513
-1.0,-0.3577472575310856,1.0,-0.3839566593250874,-0.33680840988764893,-0.024060565268174128,-1.2732681432257336
0.25747626748707586,0.9223125940065968,0.8551973673768345,1.0,0.5914632597021681,1.0,-4.1827290142038995
-0.9541256813480645,-0.12350954510768225,-0.802310844890624,-0.9963811641181057,-0.8413449049275212,-0.8313988912363066,0.9903557381984494
1.0,0.38086612578411083,0.5485198620795888,0.600809117966996,-0.21653849501279732,-0.5709540701904974,2.7225065838252003
0.4950101681025221,1.0,-0.009198543914613166,1.0,0.33855115119758583,0.18588444053004904,-0.05517195640847877
1.0,1.0,1.0,0.4305276345765996,1.0,-0.5108420697642815,-4.641597946538557
-0.3033386265720252,-0.5206624804881171,-1.0,-1.0,-0.3728847249856011,0.5361613431275244,-0.5699099331741228
-0.12262770267753215,-0.8406925547058888,1.0,-0.6533672137260935,-1.0,-0.06638930085343439,2.475992878664072
-0.3534731277571024,1.0,0.4579731071102766,-0.2164409439722509,-1.0,-0.11743337254901653,-2.6162629368109354
0.350115121112593,1.0,1.0,0.16876537975267084,-0.4326689841903249,-0.3846619177484058,-0.8997737149138618
0.24848970821093952,-1.0,-1.0,0.22181963007258837,0.19650029789409396,-0.7412637651893135,-1.4567545079374662
0.27255775965694085,0.9666571193297485,0.08711308732390802,0.9302974962333709,-1.0,-0.4881598339350153,3.9840824917565394
-1.0,-1.0,1.0,0.7170378540240461,1.0,0.9091347841363512,1.54800732225304
1.0,0.1810370281464102,-0.7679149015842386,0.9111507984132186,1.0,1.0,0.07007874628945937
-0.9388332813933704,-0.8303513585292537,-1.0,-1.0,0.3974089695493467,-1.0,4.370267299871121
-0.38790514590551256,0.6856883191638667,-0.18861778079603184,0.7699688466911645,-0.2722151613981144,-1.0,3.4847818607947403
-0.13741763733888385,-0.2615069056001506,1.0,-0.9429350714000602,1.0,0.9011227439108289,-1.7259934028717276
-0.8513004496218011,-0.3489439741911884,0.35178661392374555,-0.11174145280488923,0.03466058534851607,-0.816210967596181,2.8245214516219965
0.3113079995277646,-0.2707549659858477,1.0,0.5909242654813532,0.11525864748945863,-0.8504770427873127,1.5362797565463828
-0.02933587348732894,0.9816951757306208,0.9313131637180019,-0.5393744225370409,-1.0,-0.054786265654363064,-2.4009696887800427
-0.5374426591051219,0.9532858452460863,-0.5113312576987797,0.11631873044549179,-0.4567086998482506,-1.0,2.1163865173804046
1.0,-0.7173893875700736,-0.284532022032827,-0.3480841531151874,-0.3931496529885524,0.8763433520658455,1.9952554694769105
0.2300690940083593,-1.0,0.1481124502686939,0.1393154442697014,0.4186961091935717,-0.0656466353586439,0.21602284651173687
-1.0,-0.14082358074316584,-1.0,-0.1657204398576895,0.9025374136136,1.0,8.068468357990149
-0.5130932317090757,-0.8149333238722559,0.3990716875536772,1.0,-0.056646743030138946,-0.28377506399871577,0.8423876214269227
-0.1967784316848134,1.0,-0.5325905792257367,0.06065733865244726,-0.9520563933816494,-0.8381911074415866,0.6748580245966233
1.0,0.8549415586550027,0.01143756129175244,0.011583348899610435,-0.07394130558213372,0.12885141777011955,0.05077573377677577
-0.511384711935177,-1.0,-0.6129460439487352,-0.05395613304925129,-1.0,-0.7951862164936632,0.27424043687738875
1.0,0.360153357971569,1.0,-0.061856241885993646,0.7429602916540832,1.0,-3.417543616194401
-0.4574985086166814,0.1879189108056744,0.3665726790507088,0.961210556162033,1.0,0.32027735490453735,1.3835431387160588
1.0,1.0,0.6821253507115033,0.6647294174167256,1.0,1.0,-3.4824928788800738
-0.8575299622149352,1.0,0.2752512873748889,0.511467120633025,0.23791199035929766,-0.041531695148770975,-0.3258655035052377
-1.0,-0.0735297291290904,-1.0,-0.43023682600553537,-1.0,0.8504028651378408,2.3746931115042633
0.3081526484697075,-0.39466841315568313,0.17403980361537041,-0.849760714900652,0.6450824901825847,-0.3048693510427618,0.5232697461703765
-0.29068460871807367,-0.6388129869329804,-0.8459581380126737,-1.0,0.054498308869687484,0.5590879900178318,-1.264471172125551
-0.5460081041614724,0.6736841709280948,-0.36870094333624964,0.6322562905953899,-0.5767828395060197,0.5617930051872195,0.2123260954252837
0.18366746411916696,1.0,-0.28817247753797914,1.0,0.19261674963042041,0.9197432450618577,2.8719708976948852
1.0,-0.30479338785570576,1.0,0.04073382480746998,-0.011549151367783367,-0.8037973109877388,3.498994806048577
-0.5065945841585454,-0.13712310310059528,-1.0,-0.03889375778736731,-0.803428540950931,-0.9878318493163016,2.1949826646555746
0.8764502720987488,-0.5521565639442428,0.29888107545693937,0.8112234199175495,0.4297975405970209,0.13917842028575333,-0.9823927276247603
-1.0,-0.5357053440816613,-0.37475630525701975,-1.0,0.5872076303892664,-1.0,7.004242206294997
-0.9267020678380138,0.16738945281843673,0.8125914219977239,0.14753254254485898,-1.0,-0.20407651676613586,-2.9233453322278447
-1.0,-0.06453822429763001,-0.9378111528333581,-0.8252033678719047,0.5772280922110562,-0.26949127862651545,0.6003475519200321
-0.2284788298560369,1.0,0.2859311701673264,-0.8723545440690298,-0.33831713405979397,-0.14771547577680005,-0.6794888617134279
-1.0,-0.0007105033087240198,0.6954352458852744,-1.0,-0.6440000015570893,1.0,-2.45521969684837
0.5356275220843514,0.714026776423032,0.4365649238908035,0.7446842834019908,-0.16882455952608721,0.020628068269651467,0.6173585230159053
0.5353616079781719,0.5369881224889668,-0.4744586143686997,0.8997334944633388,-0.5357730843101653,0.5938119173147264,1.3988659991095889
-0.06966222328604879,-0.273706507733861,-1.0,-1.0,0.07568177786330255,-0.7106444236536122,-0.35365207593277836
1.0,0.6376739474892639,1.0,0.6316956200395787,-0.3394168736568369,-0.7017739271104362,2.969820345062906
0.09277436237896264,0.8513506782966402,0.47233703726500176,-1.0,-0.5092868889893006,-0.9553571508337522,0.5247806078243579
1.0,1.0,1.0,1.0,0.16006102634253816,0.116148656842604,-3.522781376338662
-0.8446784684866077,-1.0,-0.5930327581444745,-0.06219986075379058,0.4131226649048322,-0.6414107181354759,1.512809661461733
1.0,0.2736481477371727,0.5611443415543398,0.5129502262321841,-0.8474396238119266,-0.522935798730499,4.633188078290679
-0.19253967538796363,-0.9854395661730664,-1.0,0.8306603579158705,0.7637202830398235,1.0,4.965517440919113
0.03159933351608754,-1.0,0.7816031106710711,-1.0,0.8134508403181073,1.0,-2.749075258964048
1.0,0.536993817862369,0.3774850449750864,1.0,1.0,0.22738262266742493,-3.8451726416618177
-0.7363227254884472,-1.0,-1.0,-0.7135306630180427,-0.1607068202663856,0.9544562124075666,-0.5037809457090432
-0.6577543333331877,-0.9190599704012472,1.0,0.41822678865204965,-1.0,0.38812452156811417,-1.119094995956639
-0.6980602478298248,-1.0,-0.27717744546469525,-0.8439201596318647,-1.0,-0.3515018504971593,2.634792121621084
1.0,-0.8453617519037043,0.044562417560850665,-0.3718551098316949,0.47535039532351075,-0.10772008642101899,-0.6952711051496239
-0.595052834796143,-0.334346827464269,1.0,-0.2569409365681625,-0.7355509774852598,-0.048112547292788466,-2.257618631997257
0.17086483653911566,1.0,-0.4657408959703736,1.0,0.03512212757268403,0.4783605380109102,1.9091800463804265
-0.7530805758396067,-0.3752772095972154,0.05149592920624013,-0.4379852939275833,0.0010315967137659587,1.0,0.4741380230483558
1.0,0.38215230991493665,-0.9737370101892728,-0.6842740485729049,0.026217352206729883,0.6019274001502504,1.9867306120109245
0.10585504523835909,-0.6520606764874145,-0.9281526839200727,1.0,-0.5592361424209841,-1.0,0.2372285778199794
-0.9030468219409469,1.0,0.7685565606497196,-0.530102659659201,0.48543070024073764,1.0,0.12007760632295306
-1.0,-0.5328729875216915,-1.0,-0.4425441294913237,-0.6271069361278808,0.6973799221643685,-0.4504364561064475
-0.6673835925948862,-0.1528726021093773,0.7126972604160563,-0.00839556033594746,0.18825569686422128,0.4079814168050099,-0.09495704072594302
-1.0,0.7852226036154827,0.024983071130362328,-0.9801183416878017,0.512397101898952,0.44133684557305336,3.003376960489904
-0.36668278706937457,1.0,-0.5142371533753614,-0.6992633163793772,-0.5086426589372453,0.9940556898341767,8.50812376200271
-0.8247281818196899,0.16714932280727796,-0.37513206538933525,0.2573163952786891,0.5770524989445843,0.635348625655684,2.1910467834967555
-1.0,-1.0,-1.0,-1.0,-0.8364030750937886,-0.26934876853223133,-1.8218618702065947
0.5099410850932303,0.14585757356604595,0.13112218525340774,0.04806524364410758,0.38883949157100695,0.7679642979749981,0.9099901872077808
1.0,1.0,1.0,1.0,-0.4144848121017427,0.6994002956944104,-1.2722417058822308
-1.0,-0.4657988138818878,-0.10107358545838448,-1.0,-0.8942910684148069,0.09011279963441826,-0.07952840909794812
-0.5955435408348797,-0.10561244381544604,-0.6718300919741769,0.3785032623228928,-1.0,-1.0,-0.5415780085643576
0.978747503222804,-0.8650822976981962,0.6869944346762396,1.0,-0.7991230844263741,0.2525611985411771,6.080142685037096
-0.443725202703797,-0.9111949360151874,-0.17076126489178078,-1.0,-0.6950831573756413,-0.31079356035440603,1.7754441465345172
-0.2134896682357632,-0.9767082799749968,0.1391568095614844,-0.49651689019511674,-0.7501505070462222,-0.9464097020826477,4.338754437772796
1.0,0.14521719666501803,1.0,1.0,1.0,0.962611767856977,-6.179094674592438
-0.12982517089256265,0.6744671482098183,0.924982525730613,-0.934105932996318,0.9336910430826446,0.19262380090297127,0.33776168947167073
-1.0,-0.6732010748162005,-1.0,0.3555927303901249,-0.13427926407054833,-0.49218457301038576,-1.261599556119848
-1.0,-0.8495136946512039,-1.0,-0.20615182114413955,1.0,1.0,4.886570233164188
1.0,1.0,1.0,-0.09119172006375831,0.21333316463532426,0.768781768945044,-3.799605780686121
-0.7043410018495934,-0.024182323578909815,-1.0,0.3583614845106191,1.0,1.0,10.234890657074597
0.8332610959194711,0.03978104540953792,0.12723000539009133,0.10506454917990316,1.0,1.0,0.36128891589733647
0.03764810665443674,0.22932620138337867,-0.042973220006072066,0.1556001524072398,-1.0,0.10329144134238338,0.17739505584182869
1.0,1.0,-0.7925067047471059,0.0075602325193950826,-1.0,-0.05183745072294288,5.399819149902991
-0.9671794390815303,-0.6958959403594307,-1.0,-1.0,0.8852192265711989,-0.3452980344381349,-2.345007219540519
-1.0,-0.673230509136366,-0.07110713981408345,-1.0,0.11042876275702289,1.0,-2.35673609873578
-0.7320139515144133,0.9307080272249796,1.0,0.8457489051970946,-0.325683260770799,-0.04271935307631092,-3.660980937795206
1.0,1.0,1.0,1.0,0.2562310143475318,0.1487034008496505,-5.115258502476553
0.0012265182068720293,-1.0,-1.0,-0.46328363877015943,0.347457212645874,0.4703220943060902,-2.8328542184769177
1.0,0.4331475533184165,0.6374243216055002,0.335732788295254,0.6613728460901278,0.7027625407788092,-3.337079477218091
1.0,0.6532288110511357,1.0,-0.22310339205472335,0.38663483379533914,1.0,-3.753446214853044
0.37804500286121306,-1.0,-1.0,0.04410524124388021,-0.6105877794888876,0.28449042934089896,-0.43290247215115335
-0.9684646693307424,-0.04503504954696269,-0.9298560516764334,0.5280716927850422,0.8911289712601036,0.4397315712053642,0.9379892957040593
0.7919995642287556,0.6403337746367073,1.0,-0.06621761595196676,-0.5904676459635924,0.3398720402334708,1.628494066426886
0.16327854923540963,1.0,0.8034119035270575,1.0,0.23266051579928623,0.17994757555174962,-3.336709435555913
0.7309554683601847,1.0,1.0,-0.1808272573625898,0.09478998343334487,-1.0,-1.1351966197270977
1.0,-0.44419774674046186,0.6789826145496356,0.36847729338710544,-0.6299392042606016,0.21101791508758616,3.5824090619550457
0.332878415395119,0.9213477752743846,0.09554713769993739,-0.032245804253151156,0.08966963812922335,1.0,4.4934443987110315
0.819355700432625,-0.46693130100856944,0.3679936148018791,0.24121796118858208,0.3731901598102625,0.122118459252548,-0.5513044954888374
-0.11905790445371411,1.0,0.2793861573614965,-0.041820800341172346,0.07141296678766218,1.0,4.029421313769258
1.0,-0.3403311747579162,1.0,0.8761386984944864,0.015305539327414602,0.12796027650955,-0.7079652990548714
1.0,1.0,0.4326687693406599,1.0,-0.7113305922910841,-1.0,10.280537876515915
-0.9526158632571864,-1.0,-0.735915570427305,-1.0,-0.11410693528045049,0.6735649949175253,-4.84443950287463
-1.0,-1.0,-0.17931640093425139,-0.4427023417721716,0.8327618373117428,0.017892390113368295,1.16014283048522
0.8994499545420578,0.7229154446004171,0.992056830927165,1.0,0.20312416456142923,1.0,-4.367379672683301
0.8778733419956608,-0.780738750361637,-0.9017532683568439,-0.22982197668329518,0.6535355303467626,1.0,-0.4187958768282174
0.17317123181477045,1.0,0.7141504976819562,0.012491862975096302,0.1880677678974319,0.006959568586417497,-2.0828153637243796
0.9477160766430655,1.0,0.563848290443268,0.05679508295736113,-0.6325734164034628,0.4914146673115662,-0.21147713448938832
1.0,1.0,0.6140389973853733,0.03231908684202911,-0.5745876405291164,-0.7148976785303915,2.0292339504740133
-1.0,-0.20223332834296048,0.9889637634782366,0.4139925794476149,-0.6777961991297521,-0.37684083948811925,-0.7193836829699408
-0.2898727982922875,-1.0,0.4645688150649432,-0.6912569354287881,-1.0,-0.23876148615086268,4.281144687954278
-0.7104998367539299,0.11895577890026071,-1.0,-0.014916606714322697,-1.0,-0.9205860385449587,-1.0706633827934386
0.5880653519409089,1.0,1.0,0.342486849491183,-1.0,-1.0,1.277222407896524
-0.8149515277906518,-0.9965961175393937,0.2433694111216011,-0.49309348073715564,-1.0,-1.0,3.4898924418574
-1.0,-0.9591760686223576,-0.11247894843503814,-0.473580880555278,0.7546214209055233,-0.2781521720098559,2.4884556608434663
-0.12480474030708189,-1.0,-0.08966144737577197,-0.9749957917978644,-0.45970731118769137,-1.0,5.887357088880817
-0.3233417150701906,-0.2236971155135996,0.33207981938459685,1.0,0.55463745509898,-1.0,3.0219720579768032
-1.0,-1.0,-1.0,-0.6241082062452086,-0.6706554225076453,-0.7440891191784667,-0.49321762936086794
0.7048049954373496,1.0,0.7430178486730217,0.49744326459066035,0.130624723500413,0.355833716671295,-2.626538440286367
-0.7690995595831809,-0.4616247456549809,-1.0,-1.0,-1.0,-1.0,2.5781677976833475
-1.0,-0.25147572358177933,0.5579586494760344,0.17656253952719458,-0.8779682014545711,0.019525240855038872,-2.537485683960525
-0.7920770118065924,0.6045300954420596,1.0,-0.38481394300261984,-0.37881842600924054,0.5932744697114924,-2.5179022035823015
1.0,0.013808192299695269,-0.016322283286832162,0.35079972874992293,-1.0,-0.8521070106575701,6.109810100578133
-0.9821711118123535,-1.0,-0.8112854683633783,-0.8022487833235508,1.0,0.023422162452250248,-3.9214700658069037
-0.33058774774844557,-0.18050199576587989,0.2197278888659997,0.14732862898000615,-0.28040437046858957,-1.0,2.107122262092188
-0.0797192348883475,-0.8779432900763934,-0.27224978313270926,0.3062708895189401,1.0,1.0,4.357621300049944
-1.0,0.16324458107911677,-1.0,0.654771305798314,1.0,0.22231703220493065,-0.12843656076338994
1.0,0.7172103689319509,1.0,0.6503966628736455,-0.24880624182515132,-0.4528068515114507,1.5421612641208662
0.005410568782089009,-0.07916544238147272,1.0,-0.6657744268644444,-1.0,-1.0,0.6768220410527952
-1.0,-0.6468833289820173,-1.0,-0.8992291561654817,0.024986536444914775,-1.0,4.873947096941001
0.4126457395541471,-0.45966130370598496,-0.4211517476951129,1.0,-1.0,-1.0,4.798408931299296
-0.7851280595602093,-1.0,-0.7974218246333296,-0.19230140739105406,0.25759835277556087,1.0,1.3049434118043535
-0.5101702048594576,-1.0,0.8594445372383394,0.8959838221754047,-0.5661436216424858,-1.0,2.712855029772297
-0.7639059100056858,-0.9358552594829148,-0.6614614681847666,0.009806225200252011,-0.6783062249579084,-0.06809878411929793,-3.1959154369282223
0.10613986106581358,0.9175121680773083,-0.2762378198790494,-0.17662443471230127,1.0,-0.23844072398617389,1.0027411880179633
-0.9050531021580606,-0.97336395197325,-1.0,-1.0,-0.35081654546637075,-1.0,3.4893762454042685
0.5738178062246099,-0.26283625525750787,1.0,0.4443867531591514,-0.2634777243267643,-0.5121070594754529,2.045641659078718
0.7114849797461346,0.27766265479475294,0.7127250446284195,1.0,-0.10772971666996012,-0.638308273925825,1.9153295583359191
0.4275784400727489,1.0,0.09266200268479696,0.8145206605110749,0.7222464936414097,-0.5825861839566356,-0.07130833222313723
0.24171837120023196,-0.7479489034811466,0.07826600553385471,-0.723211942298073,0.9622928768189318,0.7112605439264332,-0.3013998544601593
0.0008944071329621828,0.28949205653937576,-1.0,0.06038855780581842,-0.8289590804439431,-0.29541865223719255,-0.5360971592499696
-0.2057683736511653,-1.0,-0.4756448094515111,-0.05596206643467516,1.0,1.0,3.0196037691916926
-0.17350635985349494,1.0,1.0,0.0020455323767656353,-1.0,-0.464145208516057,-3.967364326693957
-0.3659328970527863,0.6283805944893559,-0.05939153848575279,-0.8454754991075742,1.0,0.24090466706321914,3.911071034105461
0.04318228656199766,-0.1507202802994197,-1.0,-0.2468043214513215,-1.0,-0.7704371759625492,0.06557704423487726
-0.9783192101715119,0.023128640226382058,-1.0,-0.0034171273772637956,0.5519804637081649,0.37372474437258063,1.1013164254085037
0.1201279823888124,1.0,0.5255541553042498,1.0,-1.0,-1.0,4.844498651604316
0.1821567283188237,0.018028098218820343,0.9187792411826156,0.564560891147977,-0.3420130056711492,0.4791073096009434,-0.8804526211955452
1.0,0.7384045271704884,0.06581171226584141,0.29414806197929627,-1.0,-1.0,7.112520200334401
0.0898470271687778,-0.871053408599918,-0.22502370743179756,-1.0,-1.0,-0.5269633907545049,6.822497443279086
0.5000936623988266,1.0,1.0,1.0,-0.49150587147554936,1.0,-3.117029811219252
0.42093521234008935,0.7459724166951736,0.25593215309650696,-0.07105308905153118,0.611669966271705,-0.17326334661556086,-1.7298841675642818
0.012905146657852029,-0.3434167791416582,0.9617904879369443,1.0,0.4066618597542945,-1.0,0.28930532640992923
-0.5413199976895626,-1.0,-1.0,-1.0,-0.7725281560493609,-1.0,4.777917215199388
-0.3010588031246729,0.9431034058013378,-0.35853482678249404,0.7616585354238928,-1.0,-1.0,3.5653314656593853
-1.0,-1.0,-1.0,-1.0,-0.7866537489548533,-0.63812685638528,-0.6633376597172633
-0.7510360920025412,-0.639420401920119,0.7908516836854017,-0.06461311117822185,-0.10495046483326509,1.0,-2.0851246170148467
1.0,0.583201952076535,-0.007796125066791282,1.0,0.05359124022409692,-1.0,5.737593607317305
-1.0,0.13568354142049877,-0.6477570364705347,-0.34987951554542596,0.8252967961643799,0.46434181517593043,2.987179284024388
-1.0,0.2638829893391098,-0.08313398059490079,0.8579647053544459,0.4525647832098186,-1.0,3.9401043721952536
-0.8270702855519803,-0.40941616148706594,-1.0,0.26104708045668723,1.0,-0.3864608285689677,-0.7803427785479171
1.0,0.24269280893552403,1.0,0.8762739606138454,-0.23151353683831888,0.6818179377398074,-1.1584724641532684
1.0,-0.1940302850228791,0.21022282308047735,0.05209040914183105,-1.0,-1.0,8.379520552317826
1.0,0.234686999442126,0.5322279059422673,1.0,1.0,0.20399331404323495,-3.2658311234241357
-0.46441456864566333,0.648995110197695,0.7427329457891109,-0.7882579245203931,1.0,0.6720785213342126,2.760024407983924
-0.1644500584078159,0.9498566622025779,0.34596157938185157,1.0,-0.8511023129444567,-0.30403701156469237,1.368168730241059
-0.5054095834258614,1.0,0.7305224480705299,-0.3580830576289568,-1.0,-1.0,-3.952447046987362
0.058126091961892556,0.9373045694146286,-0.10307099393889163,0.6133757799559896,0.061080100465757736,-0.6372415900379993,0.9465743844711473
-0.8011309712034719,0.957472866188402,-0.1628592615066083,0.6278129876723384,-0.48699922140825586,-1.0,1.4483413733965993
-0.15742677778606073,0.10562376609963564,-1.0,-1.0,1.0,-1.0,3.3886575059285153
0.0931574294378,1.0,0.5504073083851644,1.0,0.7024636250216061,0.2785547962882218,-3.2993520973461505
-0.6874816361089101,-0.010811481114138738,-0.8261052603109782,-1.0,-0.7099188591372892,-0.526985059899359,-1.0169635149706293
0.4998371775728777,-1.0,-1.0,-0.21847643944248057,-1.0,-1.0,2.8591239955189205
-0.9542443214373602,-1.0,0.1810209990508468,0.5351034740854863,0.5572582701044865,0.38693041002177186,0.9939812863843394
1.0,-1.0,0.28048707939035644,0.26002023645292227,0.7298720617640051,-1.0,2.7726884496763042
0.918319219645201,-0.730782970330496,-0.32130699354647985,0.4661558894605893,0.3309448871405104,-0.06625760046320228,-1.4045149952434457
1.0,1.0,0.5715826460405111,1.0,-0.49493269841008825,0.6736650255359036,2.4427591331266454
0.9591829660607151,-0.5457140852453257,0.7803089212290375,-0.8340723698152765,-0.8865366720154075,0.3650415297885996,5.276808592459728
-0.3252189168161489,-0.36027710294786797,0.1247762262620919,-0.8549880428248802,1.0,0.7018234952214151,2.1163343007649233
0.3066280790270488,0.4825538749250944,0.5959827130105786,1.0,-0.11995237028256966,-0.38556552185343285,1.0148327215606303
0.6002963635421192,0.5073284666289144,0.4992809336872265,0.1321824111224985,-0.7204091865551696,-0.6114176335458054,3.0987260876405944
0.6467712265640608,0.3944255832505312,1.0,1.0,-1.0,-0.3720118907888931,2.490944225534506
0.8063474936129702,0.4090802153737637,0.32931614021513267,1.0,1.0,1.0,0.7654492158677391
-0.805427599836737,0.1499331341715593,1.0,1.0,0.3652246313723564,0.5246544587364046,-2.4265765327626547
1.0,1.0,1.0,1.0,0.9911990685478325,1.0,-10.282149220367979
-1.0,-1.0,-0.7130938903424884,-0.7283185356844379,0.014792270672932761,1.0,-1.2265094488890234
0.3007426849917809,1.0,0.01501669490266927,-0.5268035392727567,-0.11756159806354449,-0.9086941505735544,0.33460407317707946
0.028698517245940747,-0.15209633965535763,-1.0,-1.0,-1.0,-0.765649085544488,1.1558524973605373
1.0,0.9182505817079407,1.0,1.0,1.0,1.0,-9.912002121392433
1.0,-0.3808906350842277,1.0,1.0,0.9305126283890857,0.23637361631609932,-5.314892977164643
0.6528373203234215,-0.6487530308433744,0.9665771565560582,1.0,0.15451701577037702,-0.16915595533126337,-0.41441793981605746
-1.0,-1.0,0.45780560044020324,-1.0,1.0,-0.5547224330113734,5.923312449877917
0.35445727066790267,1.0,0.5839610981455332,0.48837413627366844,-0.41363829512078065,-1.0,2.2489077888652105
0.03873271929669553,1.0,-0.3926454632349852,0.43171881887967845,0.059050626324905764,-0.047946394789669,0.4388363388734067
-1.0,-1.0,-0.7682804123477431,-1.0,-0.3450031060267633,-0.1757353706063709,-4.28619144485582
1.0,0.5709676815093829,1.0,0.6268723803666583,1.0,1.0,-6.803004248239663
1.0,0.8794234898612595,0.4991119428695081,1.0,1.0,0.19148308974494144,-3.9806796124522834
1.0,0.1583031035733795,-1.0,0.36978040675314205,-0.41961557732251914,-0.7347270768926152,2.997847263495241
-0.8071169359811846,0.8762355592469129,-0.76346118250661,0.5257686977592844,0.18231187890909117,1.0,7.559054864956749
-0.12025787029709561,-1.0,-0.27158236905616384,-0.26461567363444494,0.2144819204664562,-0.059845355966329894,-0.0744702447142011
-0.752779013369475,-0.4127962475459479,-1.0,-1.0,-1.0,-1.0,1.9338622494088658
-0.6623070711513281,0.12564889642587607,-0.598026859273034,0.43627552790198343,-0.5200513969543117,-0.4386424497065853,0.12230420897320415
-0.752106262449481,-1.0,-0.35653032130603224,-0.28658189066059014,-0.06436470757657886,1.0,-0.15664744786040596
1.0,0.26337470354716985,1.0,1.0,-0.14953639900381588,-0.3059772296819461,0.5974011850917272
-0.8081642789443608,-0.4275052449745399,-1.0,-0.2735612825953483,-0.008429177160099055,-0.8332883053817428,3.404499194064612
0.38558798646038484,0.10054658930683508,-0.42150848875632696,0.5671145525230635,0.16055572810377816,0.31369606079080503,0.12145361659417789
0.31513010719332574,-0.7633155557748896,-0.6550681617501359,1.0,-0.1281200803370832,0.74471990351642,2.0955162339039406
0.1598121157739284,-0.45821379969173087,0.9655189292150459,-1.0,-0.9344470312706386,-0.2157448003771889,2.8895749311382275
-0.9107087542195359,-0.4650128608783727,-0.15750661557378343,-1.0,-1.0,-1.0,1.2918129372443037
-1.0,-0.3669109441045048,-0.07668943788825178,0.45999484151770076,0.30992496364129946,-1.0,4.258140889186853
0.7950283196337504,1.0,0.5653559173255902,0.28279867742522835,1.0,-0.2400949582199954,-2.823165466528274
0.06408433457609153,1.0,1.0,-0.6989240387499008,1.0,-0.40192666745822075,-2.5122997520246386
-0.08785427352418917,1.0,1.0,0.9675323817574737,-0.05482413213636167,0.22326047805221594,-4.844173692954614
-1.0,-0.35083142988998284,0.29433015623291225,0.06538420876820372,0.055255621594657134,0.4771863584382666,0.13105487870271837
-1.0,-0.6539302024482745,0.1655674623206594,-1.0,-0.9215735834796206,-0.5946115720513823,1.9243475540816002
-0.8133466744205095,0.49058993918919014,1.0,0.05548367251997759,-0.6843606542699936,-0.8675389158629625,-0.9239680881152286
-0.5672588862427889,-1.0,-0.05507178557646841,-0.5199279812553304,0.6366525631116473,-1.0,5.337395312688463
0.734969867673225,0.07661951722591592,-0.39031760419362554,1.0,-1.0,-0.43576066946853853,2.6431973381970697
-0.1509986505435389,-1.0,-0.9800280519268848,-0.3107579415396981,-0.7967956840947819,-1.0,1.7744146383741897
0.6745359770163614,-0.4994881304763812,1.0,0.29062601609604594,-0.364757739930043,-0.9913247443926312,4.436542743325297
0.3629636622532008,-0.46089191274242763,-1.0,0.09785124342565066,1.0,1.0,4.1908041530929605
-1.0,0.6251210105263487,0.005971184447556066,-0.6370670216349976,-0.3427387948042262,-1.0,0.638337934127832
-1.0,0.2725535409972498,0.04051404621399679,-0.6854502561485236,-0.2880723768150103,0.41193878930405237,-1.1651570823414656
-1.0,-1.0,-0.8762159580853448,-0.06167833408260037,-0.10383754906439047,-1.0,3.6445293612369225
-0.6873861128469356,0.42593541050148964,1.0,0.4429418018645068,0.49711419616321567,-1.0,1.2803489351204502
0.44578340119758364,1.0,0.3229190016011845,1.0,1.0,0.5059568164867406,-2.347899850058134
0.4917730065240947,0.6326967917599009,0.6093394662616327,-1.0,0.9036825774507659,0.2985670700712675,0.9857776333604924
-0.7084107864340026,-0.8974439131216827,-0.12129755239599105,-1.0,-0.2218335051019391,-0.8499080874253271,2.9464832157810568
-0.7834427730019404,-1.0,1.0,-0.026351369272063052,0.1299069753671362,0.11684742358625744,2.326057850379014
-1.0,-1.0,-1.0,-0.8792026681219005,-1.0,-0.7808610970804555,1.0547501196351785
0.11223739564857887,-0.7317012301941863,-1.0,-1.0,-1.0,-0.4696280008056417,2.979142592162045
-0.297250926186278,-0.0909714556584697,0.41439670247169325,-1.0,0.042432849796315564,0.3636668756427554,-0.7676805192551575
-0.1092015025633831,0.14817816358778357,0.6564521450383479,-0.7140938207760387,0.7284478620676269,1.0,1.7162670797728043
1.0,-0.009262363108089422,-0.6314522848001358,-1.0,0.595583792362688,-0.10556291473082174,-0.9149562986542866
0.10607278859680624,0.2973066708489984,0.8064542955959533,0.819741775244422,1.0,-0.5439032864851621,0.005325389417356108
-1.0,-0.4912455818612542,-1.0,-1.0,-0.6351859921586416,0.312194903757409,-3.6010272733480266
0.22453848503065962,0.2743692916421793,0.8406750280995875,0.03395937263236676,0.7410232255869196,-0.8177718362008013,0.7005757423777147
-0.8842362334389846,-0.08055069472223736,-0.12955340054593956,-1.0,-0.8723182343656749,-0.3945765762433975,-0.3600561395242272
0.9043566260720652,1.0,1.0,0.039567095901599895,-1.0,0.18194589717106557,0.7789206693885009
-0.8406558775679117,1.0,-0.04755108138193781,0.0489691934004739,1.0,-0.19643031046357629,4.080039073966115
-0.7268633991200759,0.1062621944165506,-0.5667755816164102,1.0,-0.6749038345179754,-0.964904867962877,1.196508448236432
0.21611065358196546,-0.3120337538396315,-0.20016664078963342,-0.1392742194345915,-0.09438019176361817,0.03268139271988535,0.6951001185535884
-0.45540477787463235,1.0,0.9628759604380062,0.8824804187379671,0.7926738846056034,1.0,-5.035230595375912
-0.9513446133057075,-1.0,-0.08582816692567286,0.5995171879219934,0.30730019059235936,-0.09488353239666614,0.3536505996690288
-0.1952926787491085,-1.0,-0.5637038564111763,-1.0,1.0,0.8399373842332987,-0.8615151191052625
-0.10016933197865685,-0.05383543895521076,-0.19274141006793163,0.40145730827015774,1.0,-0.00015035794700052688,0.13008967771737823
0.874799476636771,1.0,1.0,-0.6585831776344027,1.0,0.5274620790454796,-2.7673994680483824
0.0002956159345461895,-0.4244167296009055,-1.0,-0.2178230124251273,0.8633033675233078,0.12489094111810056,-0.7078618309582242
-0.9935320924283108,0.18420698539976552,-0.03265188912108874,-1.0,-0.7427335932383499,-0.2967657520390261,-1.3556360065841813
0.7059666195137169,0.9003085970301483,0.8923831347677843,0.5264332181874065,0.7333129719817947,-0.3502658110469489,-3.0958665693022844
-0.09023230929965043,-0.007285047956050783,0.6395379961325833,-0.5641778445794614,-0.7188052578178548,-1.0,1.8827372944869232
0.9059463555916851,0.5264691693892409,0.3236124166017037,1.0,1.0,0.584627747181798,-2.7662710383669205
-0.1603794546411847,-0.8717459669269333,0.032296593429229525,0.3252338691117427,-1.0,-0.3749290736514068,1.0355835919513714
-0.2795072061049626,-0.2920521799840857,-0.975011668642003,0.2447462934453174,-0.9251767515576487,-1.0,0.8594902903426247
0.7986271586043737,-1.0,-0.04536997923508612,1.0,0.003156875894312905,1.0,5.848211793064355
0.8923019715573108,0.10655161906540567,1.0,1.0,-0.8201426607766861,-1.0,5.6422125532902605
0.44489102924644697,1.0,0.018899589805303485,1.0,1.0,-1.0,0.6343209000726555
1.0,-0.4281472777532782,0.7196735791467823,-0.8494824009243249,-0.6718385608138084,-1.0,8.223300950953801
-0.041624117862054555,1.0,-0.8164646578686273,0.6895668322424932,-0.6937002049476368,0.570341778701787,4.451468832851939
0.24252221389266715,-0.013350484892816816,0.9089609057654411,0.43399670263662704,0.1543538755350543,-0.4720690014998623,1.262834818908431
0.6725121247330775,-1.0,0.3414277558408241,-1.0,0.36118181181060827,-0.9073549389122804,7.916910605772266
-1.0,-0.7620030120726782,1.0,1.0,-0.25585285595756546,-0.10175227514218521,-1.4687684015274058
1.0,0.8372872968423595,0.46060244942720896,0.4290392027897233,-0.13071935870561252,-1.0,5.125590642314024
0.7941741823509771,0.47339521835445963,1.0,0.06875746132328042,0.04599624233313149,0.24723919822463203,-0.9207998425569472
-0.6776899439133717,-0.5829798048056218,-0.2894693209182823,-1.0,-0.4683256816677096,0.6351051271355813,-0.3311898672164083
-1.0,-0.5308484698840137,-0.43200353963849025,-1.0,-0.9545863931843717,0.3690017150985291,-0.3987006461674757
1.0,1.0,0.8954557285476419,0.34043665167496906,0.5195444182002533,1.0,-4.729943275013465
0.7442355112465624,-0.7188783915290317,-0.17073894065829576,-0.018480516243121303,0.24063676849403104,0.4063995418076412,-0.9516482566419809
0.06912056419803558,-0.5894790131428943,-1.0,-1.0,-0.5500944037135955,0.4241458810569193,0.06442373384479477
0.016123703605651185,-1.0,-0.21478256022852593,-1.0,0.8888403539015689,0.7029709999721725,-1.6539299331507928
-0.3480120605923307,-0.6744425586111078,-1.0,-0.9677759735495488,0.9299423073696924,-0.2547626814554098,-2.5684410610566273
0.30456589956449587,-1.0,1.0,-0.7748294274744792,-1.0,-0.9170150584605461,9.775082586515248
0.2784348464175789,1.0,-0.7235649606664563,1.0,-0.3361553890317339,-1.0,5.849229210206751
1.0,1.0,-0.13959464731795862,-0.624212740078568,0.5855499479335282,0.35351567337432643,0.369527173522054
0.8528459551181649,0.9584168284361694,1.0,1.0,-0.0786159204924195,0.11248743865290696,-2.600270971032104
-0.10652135575266664,-1.0,0.5747019293187778,-0.1812442727616274,-1.0,-1.0,5.328530445984191
-0.045349970103638754,0.1886931384400592,0.37933095898739466,-1.0,0.3642297698278616,1.0,1.8779014470372317
1.0,-0.9492830584205706,-1.0,0.7453261563996672,-0.42543344534864813,-1.0,4.1470041046739095
-1.0,-1.0,-1.0,-1.0,-1.0,-0.609481172255713,1.5858251105192798
-0.05302842055363399,0.8429428412484375,1.0,0.18762962182546383,0.4480109259764963,-0.9233423740387584,0.316464223191847
-0.8874440545463453,-1.0,-0.4511632496105309,-0.5141666375974105,-0.027809952867705823,-0.37770453943989546,-1.2304754295841258
-1.0,-1.0,-1.0,-1.0,-0.3842491515869463,-1.0,2.992836479219058
0.32867091034088625,0.2801532459411255,0.009243480219311595,1.0,0.4317270111699054,0.5538060700282887,0.8227191979307935
0.8998433489143529,0.8862224945353419,1.0,0.6288262911133649,0.47261241854482244,0.9020214262584013,-4.061257883543399
1.0,-0.1985056653942771,-0.6225057995217365,-0.6235968616799451,0.5386761874894925,0.10644140537018743,-1.9396049294152489
0.14432632075740348,-1.0,-0.6954389349871104,0.36006955988768047,0.366768204886754,-0.04795967974780224,-1.497048044267246
-1.0,-1.0,-1.0,-1.0,-1.0,0.331645968561183,-3.3859433931582794
-1.0,-0.7301099902591879,0.030541851589059865,1.0,-0.2764316152615778,-1.0,1.8309565798534762
-1.0,-0.7195895780099948,-1.0,-0.14766208839094536,-0.00040267366454510567,0.6195237542803955,-2.0356899503576456
-1.0,-0.006149468896635701,-1.0,-0.014277333595561936,-0.004238779899200851,0.26702204056402445,0.10164997416008312
-1.0,0.36896080010203586,-0.5372252016563055,-1.0,-1.0,-1.0,-1.0153774228888484
0.664019727283438,-0.5470082793340829,-0.763893716054979,0.21739398256899,-1.0,-1.0,4.646178270273535
-1.0,-0.6312629224082573,-0.3966830190824331,-0.34468237994240214,-0.5173325838445211,-0.6694583323529772,0.800815851628843
-0.9892914370600073,0.8708057049255066,1.0,-0.4449964746200237,-0.45539761310757326,-0.2390350140213071,-3.1954654065698005
-0.007743933549754667,-1.0,-0.37477474593320603,-1.0,-1.0,-1.0,7.915621350871267
-0.45220030498931263,-0.6436457100056299,-0.4842604553609948,-1.0,1.0,-0.6884183021091285,3.6155514801571895
1.0,-0.470309384667408,1.0,-0.037399146302768194,-1.0,-1.0,8.711146936299205
0.02058002091556821,0.0804813201079767,-0.2589189887081308,0.43856379957745323,-0.2712573538353398,-1.0,1.5853982880023296
-1.0,0.5194819111421595,-0.4069884270903712,0.1713843968774395,1.0,1.0,8.401242922865789
-1.0,-0.2486935988181093,-0.03135954347767922,-0.1863460989441139,-0.11790953043828245,-1.0,2.6175669870585
0.871152284897839,1.0,1.0,0.8324923052630517,-1.0,-0.3241041707324923,3.187700549789243
-0.7554216101194149,-0.44466806043508417,0.5668127968275019,0.1655328199052699,1.0,-0.6160206060337127,2.7808068640713874
-0.8312953814796767,-0.9317353670779558,-0.9453387280865697,-0.7993122164660083,-0.6489677191565276,-0.27208956819479485,-3.2646042519052414
0.03604465453603101,1.0,0.8677296006754746,0.2207354539593519,0.7044143244228587,-0.6959796460431591,-1.401747940583523
-0.2331006423991837,0.8884347186176309,1.0,0.6227720986857056,-0.19419289217586533,-1.0,0.2325033534235515
0.2759505092551596,-1.0,-0.20484595175772058,-1.0,-1.0,-0.33595003217529296,7.56483885851186
-0.14643881649231894,0.4277513253824996,-1.0,-0.3630580681803362,-0.4941609314850268,0.0042659437016916435,0.6341505184650568
-0.35407377572933585,0.2304096692834841,0.6786378421343233,0.8781238190262274,-0.787144921243429,0.25302796658864546,-0.7688994901848256
-0.07390988164294197,0.6682672180104365,0.8426802625692514,1.0,1.0,0.0516690594411173,-1.432736709302839
-0.2732659616036763,0.6190825638572974,1.0,0.49249320326131346,0.738587497791008,-1.0,0.331847068962244
0.44260022485767847,1.0,0.37388446761815886,-0.6035197780603723,-0.03912311875634167,-0.45259228549522945,-1.3421233847240006
-1.0,-0.5036462262839481,0.012823166375434403,-1.0,-0.7260902141953627,-0.42023159903658835,1.1223032637319408
-0.9423492468906367,-0.3957589455285196,-0.9436201761150425,-1.0,0.01427026436866299,-0.14299696830253583,-3.206304811681851
-1.0,-0.8532417471826916,-0.8485829777835083,-0.5427215727067403,-0.03348831878051506,-1.0,4.694921958168703
0.34062632349839694,0.10438914784193037,-1.0,0.899461026037983,0.5945246158338134,-0.5939814241745615,-2.182830831958685
0.9824848204832796,-0.12132049576771364,0.2534076330316941,0.7636746951381298,0.47303794550216016,1.0,1.3942890680188171
-0.6984649064448125,-0.33466540343561835,-0.05995720203495501,0.23798855260999097,0.46244589096137156,0.9837502981955554,2.8541108663023493
-0.4600100706347753,-0.9250479171560821,-0.20800777269514892,-0.10255093785671443,-0.9555998482686006,0.9463462836849091,1.0678275801794725
0.05648863428035411,1.0,0.19096463581972833,-0.28776520311022613,-0.8902829871819236,-0.06622459281848403,0.05230686684161824
0.560735384662195,0.7703586074300433,1.0,1.0,0.15824867458129102,-0.34056071497213575,-1.6368951387280386
-1.0,0.23532851118919018,1.0,0.47881594417238105,-1.0,-0.6359767391343689,-1.2453872176920235
-0.4986649270602056,-1.0,-1.0,-0.7883108826078136,-0.19247492938811328,-0.8013791181644891,0.9645310900990495
0.3210940564697944,1.0,0.9440885965961903,0.27191167497013646,0.8566904252909269,-0.8578559590507625,-2.3565430366755553
-0.31529815109674453,-1.0,-0.5189273468448201,-0.3236119914034552,-1.0,-0.7147562855316141,0.5914113913532368
1.0,-0.6061175888671717,0.3435425244192646,-0.08930624198525106,0.9721077560730779,0.07856988771770873,-3.4191279555369984
-0.1628101233391992,0.8475333001687276,-0.8806584869808101,1.0,-1.0,-1.0,4.6819348815029205
0.6382500636006344,-0.7136005759806747,-1.0,-0.7873981608974269,-1.0,-1.0,7.384594509416858
0.7711666690241276,-0.10074284556538338,-0.52090617510496,-0.3587696384724695,-0.7870178602779856,0.48085156066441304,2.4128557897653153
0.06888216183170437,1.0,0.6271443276597308,1.0,0.44949726138792345,0.8873676628339835,-3.11219128267352
-0.42628800576535386,-0.5224040325299797,-0.31894938960013697,-0.38121060823676944,1.0,-0.7965449683700866,3.346646455965118
-0.1326463703090761,-0.9090723632049804,0.5150249952357453,1.0,-1.0,-0.14367020310371292,2.105682936632098
0.16479723826952908,-1.0,-1.0,-1.0,-0.9661077525942473,0.3208454350010497,2.858900481537997
-0.4622855177451515,0.6761681862338245,-1.0,-0.25199843215860374,0.23173724361717107,0.17385141075682137,2.480441299723488
0.18027974486092402,-0.08429416696165404,0.3371392290791292,0.13510218691097964,-0.23326494112199309,-0.26385786850722026,1.108590612504997
-0.22160222682840158,0.3331221797786057,0.7431803411411457,0.5632512532953449,-1.0,-1.0,0.9973300232097666
-0.6459663057191569,-0.3118289504636541,-0.08413608991033672,-0.025767125644441613,-1.0,0.6814048192011455,-1.0807981664604989
-0.8370437613983472,-1.0,-1.0,-0.44800740999948274,-0.9339180920638541,-0.4349491924715072,-2.78774101333381
-0.22580637438801698,0.4766756242635005,0.7802506450498428,1.0,0.6557223510499441,0.9428402220416481,0.07420671311376187
0.5502057626833037,0.10848303351364916,-0.03820589872601315,-0.5561422435648224,-1.0,0.4924127353449699,3.1638215884694674
-1.0,-0.8835013599197454,-1.0,0.5664459366989376,0.5656147337844319,0.3350861434027199,-2.345724610761917
-1.0,0.2058311976247082,-0.5178343207487772,0.10778587104703216,1.0,-0.3573569622902194,1.8538954514249177
0.6346758032166939,0.9347326026055338,0.24662003000972388,1.0,-0.10165734746502836,0.35677393609661884,1.1507382803976283
-0.22743244466823076,-1.0,-0.6182661042624977,-1.0,1.0,0.5808256419659228,-2.2121147370991894
0.8922086331679977,1.0,-0.6155787757577792,1.0,0.6542872909226148,-0.023537363627470276,-0.2743489244699835
0.05156511160885108,1.0,0.39685790527296505,0.6309461959414469,0.4202392136432751,1.0,0.5097323689694306
0.6000109893718211,0.48236795630750595,0.1558336607107893,1.0,-0.1992369683680566,-1.0,5.403546724553539
0.3897139455867278,0.001143936951329319,1.0,0.6777120759542552,-0.04963009968777832,0.19963084804612907,-1.405559700418358
-0.1717955916699297,-0.013690584561880548,-0.5863859239485457,0.675378727712075,0.43306452789372946,0.8630866221660577,4.36590037874324
-0.527139241278008,-0.24832428995850697,-0.7221615614404016,-1.0,0.19057594699927094,-1.0,4.126297842641779
-0.05215821981873882,0.7926997491314306,-1.0,-0.9928152335919198,-0.12718871188728864,0.08607860265980641,0.25055921359630917
-0.1480369831541698,-0.28220321904315704,-0.21030925677607834,0.6807869492044651,0.004987764019425585,1.0,3.9259698074158385
-0.36409441973312096,-0.2404486663515264,0.3800521715460414,0.2715389463804221,-0.8020220051225453,-0.737095970987841,0.6918144893591708
-0.08581542457376756,0.5602015531406235,-1.0,-0.052430515432233205,1.0,0.42452553020475103,2.315898883703698
-1.0,-1.0,-0.541435445835481,-1.0,1.0,-0.3665366098465812,-0.3151045034824217
-0.7387593867277789,-0.40857320267882685,-1.0,0.9938021174197434,0.7113487698419492,0.4855268922873033,0.7421252539837216
-0.15153007788003436,-0.2886966791805401,-0.6837847866801279,-0.7070700439994653,1.0,0.3342993461105175,0.1721571360058064
-0.26859274440473113,-0.9825736992476042,-1.0,-0.5619667992410282,-1.0,-1.0,2.0360708310762456
1.0,0.13448278305717773,-0.49932578797217986,-0.5441367203219379,-0.7885464717569894,-0.6017332923198087,3.9780949206110887
-0.28015181727414373,-1.0,-1.0,-0.14074409732621684,-1.0,-0.27328075604721835,-3.5302948505899714
-0.37500341069269677,1.0,-0.4090361860124524,0.6092442106863519,-1.0,-0.89999147908484,2.9206711006660386
-0.483476659804438,-1.0,-0.17396839082662374,-0.9932591240939723,0.4005805488756783,-1.0,5.947150382878809
1.0,1.0,0.45418673011848165,0.5710825456756172,0.6929788523629182,-0.729295718555525,-0.6534262314290364
0.9698128317733374,0.6465531248861431,0.3296046361864575,1.0,-1.0,-0.5875097940479979,6.441973292380831
1.0,0.6350704345218263,1.0,1.0,-0.6957639987898399,-0.09227151762553377,1.9120475659330536
1.0,-0.3502434331922571,-0.3069576129544312,0.5814969997869496,0.30072977528634337,1.0,2.1079611745146334
-0.16951602350914763,-1.0,-0.07886552869169272,-0.331524726627504,-0.6653994712523353,-0.7922274503934998,2.524297723002566
1.0,0.48428228652412253,0.7382648286385785,0.7162936960769322,0.5781003834609728,-1.0,1.527998095304725
-1.0,-1.0,-1.0,-0.15947534927384166,1.0,0.44572798522167556,-2.9798421513485094
0.7317590549974107,0.7744787913136156,0.06565184422614356,0.017827902257441353,-0.26323274024225524,1.0,3.723620160055414
-0.2227088676275623,0.3350430987559534,0.47283756528588516,-0.8814866571045173,0.8662442604089259,0.8145725139130915,1.2443768966862687
-0.7314828178143759,0.024686450682675637,-0.3798366909306361,-0.8550137683642769,-0.8515887038992416,-0.06408454596998275,-2.065374903730914
0.16257875733499122,0.3579179216674043,0.1101402661467018,0.9644211921187973,0.4095586912354827,1.0,2.6750812695310566
1.0,0.974654604907665,0.6625760985454792,1.0,-0.3307116575235891,0.2196736841801925,0.7428740119342898
-1.0,0.285818378819141,0.5359527646559507,-0.4999089804794259,0.1661459053129689,0.5228221085313809,-0.2847201828653586
-0.2972811387811113,0.4019969344772931,1.0,-0.6068522235054008,-0.16497106317581733,1.0,-0.8219657440968773
0.17984505179407712,-0.30248053565340577,0.7125941688662488,0.5949812153058955,0.21641210412785705,-1.0,3.451234376912525
0.6830727570296651,-0.3638256721935909,-0.35354017971121754,-0.707246741485666,-0.23514776217551706,-0.8778588647866852,4.166442446983714
-0.91323951687461,0.4505076666508163,0.5012450132041251,1.0,-1.0,-0.6347968037424736,-0.11107168346094333
1.0,1.0,1.0,0.49885441011883236,-0.5025896251281456,-1.0,3.923242152056879
0.9396938795650955,0.7644256235292874,1.0,1.0,-0.4666502039440476,-0.29297109312846537,2.225590202377058
0.34676028855778357,0.25602103650298336,0.4969091620718772,-0.21116669981225555,-0.13062400900619897,0.16253460558436206,-0.14450062352995713
0.32005670332480113,1.0,1.0,-0.19843800463810124,-1.0,-0.5635557572400378,-2.3082849475740383
0.6837317354602169,-0.2988203105949948,-0.339180010312105,0.7524600622935134,0.19750373365638296,-0.45429506255470176,-0.1547150537456127
-0.6842709142712999,-0.5133830972009287,-0.13185044237941448,-1.0,-0.7793117663257225,-1.0,3.635564313023033
0.049286815773297354,-0.8298689161198023,-1.0,0.0008377294185162865,-1.0,0.03428327244115909,-0.6172018211378167
-0.07805741177167769,-0.8139639013908633,-0.3902720511328752,-0.38917588027489347,0.392658946575302,1.0,1.8917819306728314
-0.5763061827610312,-1.0,-0.9617898592872056,-0.3047737767212124,-1.0,-0.8235883439476123,-0.49365805085132636
0.7540998019217894,0.5852783755250754,1.0,0.7354301162688216,-0.1698576704020609,-0.9881385757168151,3.8320830890602404
-0.188688589966225,1.0,0.5692887067230847,0.5043794834767683,-1.0,-0.4120017228422337,-0.9973417525265321
-0.619984823087163,0.8311225573481832,-0.6085136326824625,-0.7756813855310755,-0.7213891587201093,-1.0,0.4060394838825726
1.0,0.5581142987330343,0.7925223603427616,0.808651344254093,0.8696557791071526,-0.24121089247260027,-3.78783227747543
-1.0,-0.8780374462781275,-0.16495199869995647,-0.46878399617291255,0.09159715783237532,-1.0,4.348021644186128
1.0,0.18750808312034417,-0.17927180162268763,-0.09929253349705991,1.0,0.2722645963474315,-2.2715059600994514
0.8478335544444878,0.2298819533985797,0.19004780885229566,-0.28643610103774886,-1.0,0.7983587086552013,4.767324024989218
-0.7249045831711429,-0.5750362940947247,-1.0,-0.5698368642665317,0.34641102373368615,-0.5597569607234734,0.053835113724853084
-0.2602737069186991,-1.0,-0.6710885845245909,-1.0,-0.6127995503042836,0.0530956915172921,-0.5744208825239392
-0.7133917860365392,-0.5008033503438392,-0.39537641369495224,0.15481095796303299,-0.07306283382041656,-0.15757119487692206,-0.5059618900312944
-0.4680051999329185,-1.0,-0.17563573538844346,0.008959223213724034,-1.0,-0.28744374715446774,0.32727302177368633
-0.2820256047343103,-0.740153385288498,0.03196703988935137,0.3847565656620865,0.22783162942276447,-0.9883993335415715,3.3541465348840855
1.0,0.2524207412067399,-0.43162806291345784,-0.5665651027576555,0.20500161337373435,0.4594217511784102,-0.049462825250308505
1.0,0.4028867304758864,0.7363207533875811,1.0,0.535754174855108,1.0,-2.8258304161333436
-0.8040691440401211,-1.0,-1.0,-0.4838543482908759,-1.0,-1.0,2.030985576379369
-0.8424654740244849,0.7178822863327661,0.6444149822522197,0.8969180500729032,1.0,-0.4637467149634289,0.60430121462058
-0.27618521388899153,0.770020160079778,-0.11811586517919413,1.0,-0.47492221549089475,-0.06376150501653166,0.11603077883409971
-0.037592696703969114,-1.0,0.9839332759704661,-0.33349282410589987,-0.8675473100739095,0.5014651569272713,1.1978647727922644
0.03924829633646024,0.2103051977440596,0.5920279149426374,-0.4851319160060624,-0.02650761450136268,1.0,1.8893747415975557
0.6939122530251423,1.0,0.5346380958735744,1.0,0.40370773886177425,-0.1146864864475633,-1.6665301986579943
-0.17344391941594073,-0.38244506449089566,-0.3423053322402858,-0.8239848508750403,0.7475881122566033,0.995218519584677,2.5855722596998554
1.0,1.0,0.8268415476056825,1.0,0.432078576857243,-0.34809695132847746,-3.8106845564817347
1.0,0.6055911092861108,0.32206153356542633,0.9828549892409943,1.0,-0.003961073219360678,-2.7337269666958846
-0.5706116089872898,0.1775858953193884,-1.0,-1.0,-1.0,-1.0,-0.01981397378060934
-0.23481018108930818,-0.4206065158861071,-0.9987457232281972,-1.0,0.2738518145173301,0.39802894846554704,-0.5074698407622982
0.26078408158478356,-0.29432003607128054,-0.6054495537798766,-0.906020263057191,-0.6041360407590102,0.13744167664846318,-0.5426383699804396
-1.0,-1.0,-1.0,-0.9886496842284969,0.10658808203497172,0.5051817826474457,-6.8411220900425604
0.8916706380720543,0.5102857156258482,0.7491913806333234,1.0,0.5841125470696824,-0.5554949400582262,-0.9872347958203266
1.0,-0.5019764343314219,0.28761677149837034,1.0,-1.0,-0.9894549849890424,10.714898773306455
0.38942904140798884,0.9705297748421448,-0.6033234284863849,-0.0390787136432269,-1.0,-0.14509383970023726,1.9093883726430654
-0.4553015332968048,-0.37821769290002655,-1.0,-1.0,0.13346440488051647,0.11778318705099555,-1.3353087978336111
0.18827448759782017,0.8641504596278995,0.3632135911277208,0.43765319748045706,0.26779473899843986,0.22870091565768197,-0.4376518870021922
-0.8215073290643071,0.19529108666212147,0.4858826249754938,-0.56298912502713,-0.5820000371784142,0.3492992485919502,-2.3044828068622185
0.6764546574226697,1.0,1.0,0.17133283870986826,1.0,0.06129985559521134,-3.7793177319583924
0.10881949921502987,-0.09735024412762724,-1.0,0.27607706481722527,1.0,0.19322934534959813,-0.8116896041069465
1.0,0.2669344448659695,0.27003508611110216,0.6717424299083878,-0.024913254259295803,-1.0,4.8723335681833
-0.24300851917449395,-0.5400418732147331,-0.4519033574142519,0.6261273300959351,0.035557410503311515,-1.0,2.5476578535729826
-0.96276447503551,0.2569958474926637,-0.01839594398566241,1.0,-0.888188255687506,-0.7107939700170656,-0.6398240461776411
1.0,-0.6247806389647171,0.06676972939865561,1.0,0.0827245334525959,-0.5081415938792943,1.5531518132885582
-0.004406247570959421,-0.1540519138006149,-0.8043367748192052,-0.7374673234859181,-0.781998954031734,-0.2322695130247391,-0.292577367865565
0.5660204764265676,0.0033446948600032167,-0.005642547987240926,0.18366934729862472,-1.0,-0.625807360639272,2.8232743791792316
-0.13852149361386834,-0.15625302144214304,0.6563541138338155,1.0,0.32982220579739996,-1.0,1.9946757396567976
-1.0,-0.7181243448010803,0.6518909855667498,0.2590009454101298,1.0,1.0,2.02608006525893
-1.0,-1.0,-0.772193783314124,-0.42529391053731036,-0.2792082147729239,-0.8211102196985147,0.2852933125892768
1.0,0.983752475984897,1.0,1.0,-1.0,-1.0,9.1911015697287
-0.09985374820785663,-0.7633371181879715,0.4384883277030687,0.271537463697252,0.6757405705332253,1.0,3.1487088865894184
-0.25641597925851356,-0.8597504607234219,-0.29742998111072727,-0.30129342522004116,0.2798638769157847,1.0,1.5040245060653488
-1.0,-1.0,-0.9978813713511934,-1.0,-1.0,-1.0,5.526573265237642
-0.3791564692559102,0.43995658421014383,0.2105851527613758,-0.7575370916376658,-0.30600007546170815,1.0,1.8164351921399282
-0.8782322098337915,0.21190148358091487,-0.46265059970842226,-1.0,-1.0,-0.057416300925293484,-0.142417836237685
1.0,1.0,0.7640592454914652,0.6399567385422378,-0.2559276510458665,1.0,-0.5498425182811032
0.7675071752581439,0.9255672852872072,0.3169601116397891,0.006685003525097516,0.005012236456719721,-0.6169656861783339,1.4430286089978444
0.9854209490619348,-1.0,0.8036254589857998,0.7155469734761764,-1.0,-1.0,14.094366116034271
-0.5763762775178813,0.36790791640801185,0.9531427217383376,-0.13221514146579127,-0.6820873935427944,-1.0,-0.5222470077520258
0.3250645591772407,0.015188624020634537,1.0,0.4343036714890528,-0.6760326632603052,-0.5958404480690231,1.9403142996083442
1.0,0.19193776731686785,0.993366533228237,0.7304710767566124,1.0,0.21402612768692159,-4.112387741119613
-0.15020897744144923,0.5774061518588526,-0.38613202520947143,-0.19059057964023562,-0.6955307186609252,-1.0,0.8992386530103345
1.0,1.0,0.83185512502663,1.0,1.0,0.25567843072948715,-8.048218726832893
0.5367382109307626,-0.2869044119814681,0.2396488583462103,1.0,-0.8255826129636208,-0.18840827696118545,1.9884542102347187
0.07338159491467972,1.0,-1.0,0.4221778984426071,-1.0,-1.0,4.613389846977331
-0.5783930143556518,-0.3963190234107692,-0.3799191518930384,0.7399324632666247,-1.0,-1.0,0.5146754594927958
-0.015516914805594693,0.6223433321698904,0.06372246233112489,-0.5981077934482666,-0.6456487755400953,-0.7209531900941395,0.7864946446885679
-0.9996339180698228,0.5539638466089766,-0.8153053184870446,0.9489081259419482,1.0,1.0,8.656604200555549
-0.536094323643314,-1.0,0.1411656877654549,-0.7919176799743579,0.1021376595779302,-0.6829346554785963,3.6813991190401865
1.0,0.7333532242788524,-0.1338661667186689,1.0,-0.6518621383482763,-0.37464084407386045,4.4062696535753485
-0.6812782805550619,-0.9404181061786616,-1.0,0.7056260750641115,1.0,0.7787067536666505,1.0194309879446926
-0.2603110885908391,0.11050302502490889,-0.09346224481600365,-0.11149053497525718,1.0,0.40464411190855687,1.1665965083962018
-0.5229776953053414,0.8101822053335915,-1.0,-0.3058102142829735,-1.0,0.9373836695322793,8.790293225296935
-0.7945633521076432,0.2676727309834004,-1.0,-0.06640402113661495,-0.06873200508105864,-1.0,5.9524923894918995
1.0,0.6739234247138411,0.7149399887553721,1.0,-1.0,-0.6624094422205671,7.016750093486401
0.0314820003268893,-1.0,-0.5763253810023115,-0.7484481936607716,0.8963578991842089,0.030739957612875957,-1.9400975336227917
-0.10625795309413277,-1.0,-0.09464781824059953,0.4503974872467004,-0.0842877495318437,-0.6450587628152867,1.0869296405294857
0.865553167828049,0.730324256766392,0.2831511259942976,0.8262633748737005,0.18412540724493154,-1.0,4.25053148381335
0.38464900908340516,-0.6348005801989081,0.3927241550644421,-0.37611519202130744,1.0,1.0,0.869945877713479
0.8403514434471269,1.0,0.6839183451848776,0.7840573089821306,-1.0,-0.16576362988911963,2.596360975616147
0.2340099034419092,1.0,0.43459830692085477,1.0,1.0,1.0,0.563811777274572
-1.0,0.276905527141869,0.08566435677368511,-0.4887626008474599,-1.0,-1.0,-2.3275133465335545
-0.41228349870149206,-0.09468405949844128,-1.0,0.5222491123192037,-1.0,-0.21110311436456625,-2.984255832793062
1.0,1.0,1.0,0.6156662711557006,0.01580851293449801,0.8565514137147461,-4.099140995830843
1.0,1.0,0.014123052043236273,-0.9751091964404945,-0.209654952484484,-0.04577433656885488,2.085195850761917
-1.0,-1.0,-0.6348358324917653,-0.9564497939386278,-0.5580167839689087,-1.0,3.6327915779960733
-1.0,-0.7297606217681608,-1.0,-0.7684889096848224,0.2389123822558438,-0.479358770891009,-2.7468011725515327
0.6671487516943895,0.20096190863408414,1.0,0.5260931937027615,-1.0,0.5703814437996093,1.0676548982126568
-0.05656944295850652,-1.0,-0.6872170003882542,-1.0,0.42599512877326134,-0.7226162348276717,-0.21253802145177558
-0.5951538258267831,-0.04234530061391151,-1.0,-1.0,1.0,0.4493329431523274,1.8175814832828046
0.28208798000734886,0.3745833316182834,0.6132930142240568,-0.5024910793812274,-0.770500324973511,1.0,2.5242833499929627
1.0,1.0,0.9791993336582525,0.5439633321262922,-1.0,-0.37743870645937433,3.5895103319770505
-0.11250540576563783,-0.7802056060476319,-0.9917829906577968,-0.7522788727629011,0.6894446532341597,-0.5931670790220389,-1.9019194322374633
1.0,-1.0,0.997945317050148,-1.0,-1.0,-0.6942011917305886,18.27450320369709
-1.0,-1.0,-1.0,-0.5914542735381418,-0.5553865092571162,-0.5312501804182763,-2.1608261402813915
0.15523878206940883,1.0,0.105494731149475,0.4078953980085601,-0.8561164661327691,1.0,3.44922631079468
0.5279531014468546,-0.4060964691563014,-0.2152989273878506,-0.031500070908889316,1.0,0.49401425181294867,-1.5179800272514958
-0.35986570875368284,-0.43058709999036276,0.5613025319317845,0.9990998110112299,1.0,0.03915588472304443,-0.2061838419538664
-1.0,-1.0,-0.622759244849531,0.43108116281586417,0.03903260380850376,1.0,1.293161290972776
0.23701507148536316,-1.0,-0.40449623923810946,0.10024631768595033,-0.5581580608361456,-0.06453130605263435,-0.16483729151508764
-0.646039186040969,1.0,0.7583480231986391,0.6083815756578129,0.015950309352318448,-1.0,0.8134264964117932
-0.09148360607480843,-0.05623961310952175,-0.10875149010843332,-1.0,1.0,1.0,5.902145675697567
-1.0,-0.027328710704216608,-0.058216633773411686,-0.2636037605907169,0.1573668114721407,0.7601211389394313,1.2544503154149185
-0.1880215261919688,0.24697503911712065,0.002216663376460981,-0.47461367113597897,-1.0,-1.0,0.7308960977179333
-1.0,-0.6993756596033194,0.18299474319377623,0.08096219929346449,-1.0,0.7637049732649959,-2.800793345248272
-0.5563456834046012,-1.0,-0.33190211690459165,0.27217866849097294,-0.74961961377557,-1.0,0.8633523126391469
-0.9859880393279385,-1.0,-1.0,-0.35449068994601163,1.0,1.0,2.8951764701487894
0.17045190274351746,-0.21591795042024886,1.0,0.8717358936302655,0.46145187343574384,-0.289293823768412,-0.5547304171187546
0.9194706805893735,0.5618648807085707,0.6392841551866428,0.2711300835874155,-0.2304450525886605,-1.0,4.634502464065108
0.10598836150909877,0.532225748232606,-0.7324746905843381,-1.0,0.30633285175859015,0.30324043376390625,0.9751198930786422
-1.0,0.7099320816611396,0.3566759284535791,-1.0,1.0,1.0,6.462471644895057
0.3473863012020858,0.4809899220264484,-0.38900737068557917,-0.019058764200042155,1.0,0.10769694212734948,-0.20902800047363929
1.0,1.0,1.0,1.0,0.0516795445979336,1.0,-5.045009893581696
0.7606069678334558,1.0,1.0,-0.3077168046302351,1.0,-0.5887277464837837,-3.89131665611821
-1.0,-0.11202177914561129,-1.0,-1.0,-1.0,-0.7334677486917502,0.29225346792785156
-1.0,-0.7960635446644815,-1.0,-0.1074634379200744,0.14170136523319654,-0.22777198691322154,-4.38277816472524
0.0439185977553731,0.9439657240766597,1.0,1.0,0.4780527254894742,-0.4091282604688776,-3.405662037817705
-1.0,0.03861361434427755,-1.0,-0.2473521088264836,-1.0,-0.7835455710584311,-1.2462980127462455
-1.0,-0.8589170284285585,-0.918470063998641,-1.0,-1.0,-0.6520116942282332,1.6075597103518504
-0.74721085016407,-1.0,-1.0,-1.0,1.0,0.2966033559332467,-6.712267715108895
-0.116706464059353,-1.0,0.20106732838661528,-0.7420118313875532,-0.08876258864835762,-1.0,5.649331848527423
0.43367427650433454,-0.14946421128587561,-1.0,-1.0,1.0,1.0,3.267322107995086
1.0,-0.17817188000500161,0.8576210786805529,0.880475611482227,0.38972160761385743,0.6311305601136386,-3.3652810519141294
-0.7263422600440088,-1.0,0.06624697229916589,-0.01603316685775935,-0.3263577616236327,-0.058739225358623165,0.18774740996867662
-0.5704125085166538,-1.0,-1.0,-1.0,-0.013033437301193884,-0.6906260026526573,-1.5107544048520813
-0.2815020581321219,-1.0,-0.44937405462161295,0.3619875719573365,1.0,0.44687182263014247,0.3559464542844022
0.874714807179683,1.0,0.24563293296376276,0.00010359605997556365,-0.795290211210279,-0.49379070441260065,2.0819004501830722
-0.9151628879372922,-1.0,-1.0,1.0,-0.9963750268113212,-1.0,-4.798449764844084
1.0,1.0,0.2121633338508635,-0.11351646349328057,0.1946119692515933,1.0,3.22659682025709
-0.1841630733095574,-0.18342283233579415,-1.0,-0.864521805757982,0.1907841278386702,-0.732994079660191,0.8242729880586922
0.1113151964789656,-0.0682742116779611,1.0,1.0,-0.1864041253656284,0.7106308460756303,-2.668859476319148
0.050438644980987046,0.7787583218793738,0.7374544206242276,0.3811813739505646,-0.34546485897427137,-0.6603356613664354,0.11174121643811724
-0.9637473195765416,-0.21592852396787177,-0.29984660396373103,0.894340521116255,0.429137926020282,-0.48698096678536873,1.3662213794516693
1.0,-1.0,0.5438550370505368,0.2637907034899567,0.9321417465914037,-0.9087947612825975,1.5127411395716217
0.7287563489822944,0.3564459100165874,1.0,1.0,-1.0,-0.5351656773826511,3.5464968335775104
-0.40968711267331326,-1.0,-0.5337881470906115,-1.0,-0.03894844070879566,-0.46513859148087433,-0.8148495051724494
0.6191578276419027,-0.39022437158031575,0.34463871543244695,-0.8211681643499381,0.9006316955911045,-0.285608051586797,0.8506992196354738
-1.0,-1.0,-0.4950495251059279,-0.35930165957170623,0.1685046811447528,-0.9132646303863237,4.181789453909283
0.2428478422146787,1.0,0.9037820220585495,0.5263047338166891,1.0,1.0,-1.9765530334907833
-1.0,0.019765816960657268,-0.8663229020683464,-1.0,-0.17754306025829036,-0.11915577801099797,-1.3922051035059977
0.30980387635781825,-0.531867298998576,-0.44804774973953576,0.6656495858090604,1.0,1.0,3.393394633276716
-1.0,0.3687261633702257,-0.21238420910894606,-0.7499547734074002,-1.0,-1.0,-1.9439103717834052
1.0,1.0,-0.26621526075145185,0.9021250287621374,0.1429458789676039,0.8468489632587994,2.27194728172167
-1.0,-0.08113580735101134,-1.0,-1.0,-0.617593916418607,-0.6791456744776566,-0.37796092636596407
1.0,0.7933500292963152,0.8636799338508501,1.0,-1.0,-0.4413025922345367,5.275791264811159
-0.49347446859359645,-0.7840475317181448,-0.29995408515252775,-1.0,0.8938834729140901,0.6971479998068185,0.8039774114010267
-0.025377342326860924,0.9898529300446848,-0.17326886312892456,0.47307844525449694,0.24031501708880132,0.9815704053567347,4.1304604641241704
1.0,-0.46538823242143423,1.0,0.8203197265572725,-1.0,0.032340764573430714,5.427630378343312
0.03125287166022575,0.7346669877028342,0.6925879675319058,1.0,-0.23921141864609227,1.0,-1.530035962367692
-1.0,-1.0,-0.30703695262926844,0.194148779805785,1.0,-0.7109730885497143,3.9000863673445494
0.16264878237508218,-0.4642130385253579,-0.9916491743866491,-0.31097909409516467,0.16720637804933647,0.21130940132376996,0.3866668085777262
0.6204879457900605,-0.035245575808725615,-1.0,-0.6115975277744805,1.0,0.3963998904224134,-2.538021053094116
-0.07759619935689331,-0.12007513759812544,-1.0,0.0050902579301228615,-1.0,-0.5965671344806914,-0.8113177651679636
-0.48798294667184006,-0.00952300090940117,0.856060954403682,-0.0751019819046363,-0.07166449806838465,-0.37067147201643125,1.0790094552801666
1.0,-0.5064317977998358,1.0,1.0,-0.3954453418655274,1.0,0.6623227430145893
-0.40554753221218004,-0.5677093317105965,-0.04100885206203542,-1.0,0.9055824357861358,1.0,3.7493063929366515
-0.8858291352214851,-0.7931381732106553,-0.6446523531859203,-1.0,-1.0,-1.0,4.577640204813485
0.41369864173729254,-0.10562244585179524,1.0,0.8462919635313602,1.0,0.7196762200817475,-4.054352200891559
-0.16380629707272237,0.038356299718364184,1.0,-0.15415307204463324,0.7958322934032732,1.0,-0.000494727102539616
0.7368636384362689,0.10003407466332148,-1.0,-0.4962870011291054,0.15250406363177094,0.9036716165214724,3.495767617426854
0.41841579496345827,-1.0,-0.07923712196219257,-1.0,-0.7995014291611295,-0.3571759407277958,6.641311027394342
-0.3742339289424601,-1.0,-0.882159913155751,-1.0,-0.5383071288816278,-0.8065850726835868,1.7059695847160807
1.0,0.9810607706220282,0.36267059674448365,0.2529881730153789,-0.32548454704325663,-0.6305735620054094,1.8317661650440853
0.6030434949689024,1.0,-0.07127057419899899,1.0,0.33804505746005487,1.0,2.4479872493461587
0.05389887928390613,1.0,0.9839561324068623,0.18595749286398067,-0.5790546139291984,0.49088349133887293,-3.10822517759991
0.7401227755419891,-0.564426649745026,-0.40079950365216166,-0.6560252073368564,-1.0,0.12120864701588852,4.141105287801581
-0.22438131962726107,-1.0,-0.9363162333112716,-0.9077163720949737,0.3480933142079211,1.0,-1.0055121587192115
0.3922083979419777,-0.012699440424125297,0.8313988795753922,-1.0,1.0,1.0,-1.1060575254541587
0.48301805200621994,1.0,1.0,1.0,0.6840703392167746,1.0,-7.4950973266335135
0.12618153672005283,-0.21829900443434236,0.8528765395900391,1.0,0.05870526348177807,-0.1564908868610957,-0.38996189495585315
0.04653430337377362,-0.7256528663742031,-0.36540789305307086,-1.0,-0.4127491893279456,0.5521387404533329,2.045837288143372
-0.9286981851297308,0.2715365317144045,-1.0,-0.6686930553612009,0.11967880188550083,0.2600820002116869,0.2279856859680695
0.014683018087835675,0.9592173759847122,0.22589628678566454,-0.394061433769306,-1.0,0.23147609819061143,0.6021376457788253
-1.0,-1.0,-0.30205157570892305,-0.742501333096718,0.0021847986184475587,-0.2640295943420319,-0.9264134103490292
-1.0,-0.689103690382932,0.7282097871610572,-0.5691250820892264,-0.37229788907077516,0.9621548566468254,-3.0864680696133147
0.5004708357201589,-1.0,-0.8890618335288261,0.5829378080278541,-0.7971966378388055,-0.09374651419707763,0.012268932205690114
0.03641978763019098,0.7803378841301103,-0.029312934458209816,0.7573805086525873,0.1681613618317349,0.1416947117468612,-0.7826260328102268
0.735482006956327,0.9679572420007685,-0.9393125573119468,0.2507036036059816,0.2785344441272816,0.48848338448058326,2.4363028366668322
0.48137132049106646,-1.0,-0.9242629315981608,-1.0,0.890278516134138,0.6782543721489304,-5.574200046677976
1.0,1.0,1.0,0.892962843524127,0.2771201343266063,0.19932868194645378,-4.026560617240379
-1.0,0.028455412106290545,0.4676802349037752,-0.12398590216749444,0.3504263950941826,0.38365842212535783,-0.06422780309007761
-0.8895800263246458,-0.23268917516343257,-0.0574371899337609,-0.12190659216161581,-0.40343738536827756,-0.6372068900840402,-0.4295591070811573
1.0,0.17528309064937775,-0.09234739894558242,-0.3743766957533091,-0.042492603283137254,-0.315259237397262,0.6656859410192317
0.12371921980221173,-0.5624285456436997,-1.0,0.13882209243310983,-0.11709195526657534,0.7227964056890128,2.68455569437311
-0.3209531291627943,0.20297259266825934,0.7957098015197347,-1.0,0.7053167961360796,0.3500574163148008,-0.2536864630542732
-1.0,-0.9239398307514894,-1.0,-0.9078401865663511,-0.4580758537694801,0.5692524434710211,-4.340272478091203
-0.2513407798626045,0.47335332088041526,0.8304378491453783,0.11455405293481641,0.6136636220897398,1.0,1.1568808471694232
1.0,0.5437935306716962,1.0,1.0,0.13058149793116852,-0.2856568813035044,-0.3341656318988533
-0.8186762470038281,0.321406666301559,-0.16640932111566442,-0.09741216624658866,0.32463629386174225,0.054469386437905554,0.9754787333070367
-0.4074682500816418,-0.27697668754202076,-1.0,-0.5024461862098202,0.6875504078241585,0.4930411096177689,1.282629653124981
-1.0,-0.6435900640092656,-0.03384341208341746,-1.0,1.0,0.04773432221092275,4.313405156407794
-0.32668876665608215,-1.0,-1.0,-0.6808791947624949,-0.15198866196118854,0.6507331770464032,-1.3072441739552167
0.8076606413205429,0.17629152316448105,-0.1719475291237964,0.800881776698178,-0.6818753605222279,0.15129968302084296,1.7127266644249004
-0.7140300719189732,0.5510381953691815,-1.0,0.053696127390987836,-1.0,-0.698055079681958,-1.4648332989401602
0.5995463608018272,-1.0,0.8643993664950526,-0.7911331495451548,0.6487900774238711,1.0,-3.9704470673758534
0.26692928099716323,0.11320688628016813,-1.0,0.14476733794472,0.08867268439500145,0.7018525292735797,2.583774250291739
0.597874823944093,0.8442294048245278,1.0,0.9824456333120449,0.41771385849106357,1.0,-6.061876903994467
-0.406754656212174,-0.8001822233152316,0.5397933081553812,-0.5337848705939294,-0.3302572323841113,0.059859222821759484,1.6352436349882788
-0.2878780605813403,1.0,-0.16328797908369447,1.0,0.35192199158825876,-0.5945636216770198,-0.09784103950499978
0.5962673969668905,0.8997912305621101,-1.0,-1.0,0.7525459629748088,1.0,8.318449631999318
0.8533243392653518,-0.3670466009062382,0.47410720228642456,-0.3967391703735977,1.0,1.0,-3.399655021067602
1.0,0.1554018138231586,-0.6527106373918953,0.6796101626851077,-0.4500109757175712,-0.6998078010011296,1.6412326740558425
-0.40754743838917823,-0.7032160983225474,0.10864993250488275,1.0,-1.0,-1.0,1.3589254576741678
1.0,1.0,1.0,0.32463785499940734,0.3533430877119079,0.3480838265591074,-4.494768614564898
-0.03588262735299519,-0.6543112907615343,1.0,-1.0,1.0,0.028857360099816154,-0.16096968012792423
1.0,1.0,0.6404254048134539,1.0,-1.0,-0.2611083321390356,5.015017843856081
0.6804564059090992,-0.7698574066434329,0.2019560574949048,-0.44238133401931135,0.5778624617896475,0.6556923080429342,-1.3027990551542832
-0.3026993762083695,-1.0,-0.3506989405949742,-1.0,1.0,0.09729531026707083,-0.5060012485419731
1.0,1.0,0.14458705450052634,1.0,0.9862283262534877,1.0,0.8608909000165514
0.13029443581393046,0.9524703748897366,-1.0,0.7765423717881945,-0.2825079300629284,-1.0,5.436317150321967
-1.0,0.7320146852012123,-0.978455535963791,1.0,-1.0,-0.01728586444418284,-1.6810065171376967
-0.22336138814907952,1.0,1.0,0.7440303637316206,0.8700476578434646,-1.0,-4.098092877764726
0.015928375720892562,0.8088345841221314,-0.5326037978071062,0.7761450524579072,1.0,0.4326798606041685,0.3602060703412575
0.4899430336341703,-0.5720550136703404,0.13213312131672772,-0.2135319679545864,0.9632519947045403,0.4852178796504868,-1.5057150606225926
-0.4407598127901533,-0.6983575284753348,0.6771511458106788,-0.7571790575435433,-0.3373739068156055,0.491959442331659,-1.0569003340501364
1.0,1.0,0.28083384899668185,0.495065432810636,0.3058763304926788,-0.8191016619941209,1.1516707162180142
-0.2304783967376387,-1.0,-1.0,-1.0,-1.0,0.5292456711100025,1.2123396991664777
0.6482749696596715,1.0,0.675156464455881,0.19907397919158476,1.0,1.0,-0.9128709577195091
0.22884568430611751,1.0,0.6754494396588593,1.0,-0.6333568597612176,-1.0,5.10245617732091
-1.0,-1.0,-1.0,-1.0,0.12579509454266746,0.4205222666877819,-7.498312222997434
-0.020060318583352665,-1.0,0.32173541677321776,-1.0,0.2328117484613318,0.3676723290522379,-1.2937598959287047
-0.6551293041664634,-0.3303822642815373,0.24951155282229742,1.0,-0.8955578518689332,-0.8716476180766787,1.1246292007012113
0.9583438054766145,0.34917506615823424,0.09278169451000784,0.30138895076851213,1.0,0.5594751264981153,-1.7042125713565015
-0.0049552059923581825,-0.2483463012955959,-0.355282962203685,-0.4591628597741063,0.02107864000758075,-1.0,3.342136764104941
-0.92119507775911,-0.8482023913151389,-0.2493015351534742,-1.0,0.8058031197609005,-1.0,7.7279992889021605
1.0,1.0,-0.2716775831028049,1.0,0.621571454531308,0.3890874177127003,-0.35048086794323097
1.0,-0.9593050306865498,-0.3406593443902103,0.703819603135423,0.1296354710272979,-0.8824678084962443,1.5043296084075468
-1.0,-0.3704995400984209,1.0,-0.26447420186121096,0.7188123877852064,1.0,-1.6591739842036117
-1.0,-0.9647606539104709,0.2736703675743075,-0.6982804865207091,-0.8103354417424675,-0.11392304281990251,0.03074325290058566
1.0,1.0,1.0,0.44247615759375936,-0.5276587847600132,-0.40517542879755475,1.8812151361844651
-0.5984656654761251,-0.7950472206532624,-1.0,-0.9199582741325862,0.39583679160363916,-0.9945041498378913,4.027783604447779
-1.0,-0.806076432024158,-0.37793575807562774,-0.4312179960065543,1.0,0.34934250138513034,1.7539217880568974
-1.0,-0.17877440093613062,-0.436677333233225,-0.29354012575770894,-1.0,0.8763635904626816,-0.2878130298746305
-0.5089075476943872,-0.8034365334049849,-0.6086913020370897,-0.9505427656471139,-0.5316793169149361,0.18137360027271215,-1.643646663679729
1.0,0.7691037340794635,1.0,1.0,-0.4455418365138003,-0.3965649462240078,3.5485967584398117
-1.0,-0.37729631132107055,-1.0,-0.17421216285855268,0.042364854209397285,0.39413080483346363,0.29145897199786963
0.2936011901875255,1.0,0.36753571106415817,0.4292961689268411,0.6741188693667642,0.11855490065994623,-0.6394295804944826
-0.9461188986718101,0.5604821837398348,-1.0,-0.7316743553769209,-1.0,-0.12270791694814531,-2.4888372651086272
-0.6725000137438353,1.0,0.21701549744344462,1.0,1.0,0.03597299968898193,-0.3663965743397132
-0.1757001882383279,0.22578171370742706,-0.7824926336624938,-1.0,0.59224437891971,0.5194048726512712,1.8893391211546768
-0.6990737935423166,-1.0,-0.09706088104342014,-0.7551410420750346,-1.0,-1.0,4.88694681734557
-0.4922668135634592,1.0,0.1629149675768788,-0.9423358669414263,-0.6744914829074562,0.36680885159731047,0.9501246563634436
-0.13589070316882254,-0.3612320275054815,-0.5255207536052378,-0.8499911815427228,-0.9775830609764236,-0.03242866811517797,0.8720205029434738
1.0,1.0,-0.7418150485430497,1.0,0.1729747599936522,0.6991626172049548,2.1890359223756364
0.3923950818759765,0.11759258829127578,-0.5770377710359404,-0.25008251892912137,-0.21671780343703095,-0.15886958459782063,-0.32247457520559947
-1.0,-0.7241445850385324,-0.7784924088705678,-0.017446925698472393,-0.6288481753017464,1.0,1.056345353308235
0.7047431801326114,0.29438788027541757,0.7712509636272167,1.0,0.16266407038773512,1.0,-0.20850779884047377
0.9980803379142669,0.7112636515887536,0.9300330493204554,0.12606271072325925,-0.6702940144829224,-0.5202610526452945,3.3498833498823215
0.28013445848794183,-1.0,-1.0,-0.06590224763961261,0.29678882673595847,1.0,2.275609565846418
0.7993518665595024,1.0,0.06663221194870561,1.0,0.15473461472388284,-0.571768672540166,1.4806084255843825
-1.0,-0.37177710918919615,0.44986745844271014,-1.0,-1.0,-1.0,0.9067632503863939
0.36229840232585087,0.1028162305760223,1.0,1.0,-0.2074179250889514,-1.0,1.224212976077386
